content,score,at,label_asli,sentiment_predicted
mengunakan uang fisik jauh lebih mudah membeli apapun langsung pergi tempatnya jauh lebih mudah puas perlu sering sering membeli hp android i phone terhambat dampak racun up date aplikasi banggakah sering kerjai yajud majud majud oligarki sampai mempertahankan membeli tiket kereta api online bukankah banyak kerugianya,2,2026-09-03 17:22:04,negative,positive
bagus,5,2026-09-03 17:20:58,positive,positive
mudah cepat melakukan pembatalan nyaman puas pelayanan kai,5,2026-09-03 15:01:10,positive,positive
versi hp dibatasi,1,2026-09-03 14:55:23,negative,negative
awalnya masuk aplikasi mau beli tiket jadwal mau pesan gak diklik mandek aku ulang ttp gak kluar aplikasi masuk tp smua jadwal kereta tersedia kluar coba uninstal lalu masuk jadwal lalu pesan gak di klik lalu keluar masuk tiba akun blok nunggu jam pdhl sandi sdh benar bgitu sdh masuk pesan tiket bayar saldo kaipay railpoin trpotong tiba transaksi dibatalkan meminta hub call center aplikasi error ato gmn,5,2026-09-03 14:44:04,positive,negative
good app,5,2026-09-03 14:41:04,positive,positive
gampang pesen tiketnya,5,2026-09-03 11:42:23,positive,positive
mantap,5,2026-09-03 11:23:08,positive,positive
oke,4,2026-09-03 10:24:22,positive,positive
josjis,5,2026-09-03 07:50:50,positive,positive
di hape sy konpetibel mohon solusi,1,2026-09-03 04:33:32,negative,positive
sering bug mencari cukup lama tulisannya jadwal kereta tersedia padahal menit sebelumnya muncul ada jadwal keretanya bagaimana solusinya,1,2026-09-03 04:29:40,negative,negative
sangat membantu,5,2026-09-03 03:50:23,positive,positive
masa reschedule bayar lg si kan jauh jauh hari,1,2026-09-03 03:45:44,negative,negative
sekarang akses kai kurang sangat puas karna kebanyakan update sering ngelek sering keluarkan akun,1,2026-09-03 01:21:02,negative,positive
proses pembatalan ribet pake diminta surat kuasa materai rb kayak uang jt aja padahal cuma rb kereta lokal proses tunggu minggu waktu disuruh tunggu jam kerja jam diperbaiki management nya beli tiket bayar cash tp pembatalan tiket sungguh ribet,1,2026-09-03 00:25:43,negative,negative
keren banget,5,2026-09-02 16:32:18,positive,positive
fitur kirim tiket kok udah ga,1,2026-09-02 15:44:09,negative,negative
beberapa fitur lemot digunakan harusnya menu pembayaran halaman tiket,1,2026-09-02 13:52:11,negative,negative
bagus,5,2026-09-02 13:40:45,positive,positive
ya kereta bengawan kaya kereta siluman susah beli tiketnya beli agen beli malam aja cuma harganya rb terus pulang malamnya langsung dapat kl beli agen kl beli kereta bengawan apalikasi apa mudah biar hemat,1,2026-09-02 13:21:01,negative,positive
buat kai mohon apk acces sediakan pembayaran maupun isi top up kartu multi trip top up saldo menggunakan qris biar lebih mudah,5,2026-09-02 13:13:36,positive,positive
nomer ga masuk,1,2026-09-02 09:32:31,negative,negative
mantap kai access,5,2026-09-02 08:27:53,positive,positive
senang,5,2026-09-02 07:57:32,positive,positive
refund susah pdahal udah berkali kali masukin otp yg dikirim email sama whatsap ttep aja gabisa pdhal sesuai angkanya,1,2026-09-02 07:25:25,negative,negative
nice,5,2026-09-02 06:57:42,positive,positive
this is a good aplication okay,5,2026-09-02 06:39:47,positive,positive
bagus banget sayang pembayaran via va bsi ga,5,2026-09-02 05:38:45,positive,positive
sejauh ok,5,2026-09-02 04:55:29,positive,positive
cepatt gk ribet buat batalin tiket kereta,5,2026-09-02 04:05:40,positive,negative
mantap,5,2026-09-02 03:34:14,positive,positive
,5,2026-09-02 03:24:58,positive,positive
bagus,5,2026-09-01 23:46:37,positive,positive
beli tiket sini pembayaran qris pembayaran berhasil setelahnya aplikasi muncul pesan pemberitahuan pembatalan pembayaran menghubungi call center suruh nunggu jam uangnya kembali menghubungi call center suruh nunggu hari padahal uangnya mau belikan tiket,1,2026-09-01 22:36:28,negative,negative
jos jis,5,2026-09-01 22:14:46,positive,positive
sangat bermanfaat,5,2026-09-01 22:05:51,positive,positive
bagus,5,2026-09-01 21:50:35,positive,positive
jos,5,2026-09-01 12:53:25,positive,positive
aplikasi ga jelas masa ga rute kereta,1,2026-09-01 12:17:33,negative,negative
tampilan sekarang lebih ruwet banget pemilihan bangku ribet salah terus ga lurus bejejer ya perbaiki,1,2026-09-01 09:14:38,negative,negative
pemesanan tiket mudah cepat batal berangkat jd saya batalkan proses pembatalan sangat gampang terimakasih kai aplikasinya sgt bermanfaat,5,2026-09-01 09:03:55,positive,positive
okeee,5,2026-09-01 08:56:07,positive,positive
cepat akurat,5,2026-09-01 08:24:57,positive,positive
kai memang melayani lebih baik,5,2026-09-01 07:02:03,positive,positive
mudah cepat,5,2026-09-01 02:56:58,positive,positive
oke,5,2026-09-01 01:56:41,positive,positive
layanan sangat bagus,5,2026-09-01 01:00:38,positive,positive
alhamdulillah di batalkan,5,2026-09-01 00:49:48,positive,positive
bagus,5,2026-08-31 23:23:58,positive,positive
sulit menemukan menu pembayaran utk akun yg baru terhubung dg e wallet pdhl sebelumnya sdh melakukan oemesanan,4,2026-08-31 23:21:30,positive,negative
naik kereta api menyenangkan tak macet nyaman tak asap rokok bersih petugas nya ramah,5,2026-08-31 15:06:39,positive,positive
keren,5,2026-08-31 14:40:13,positive,positive
aplikasi yg bermanffat,4,2026-08-31 14:04:18,positive,negative
aplikasi bobrok,1,2026-08-31 13:52:22,negative,negative
ayo pesen tiket kai acces mudah simpel cepat,5,2026-08-31 13:35:05,positive,positive
bagusss,5,2026-08-31 13:29:46,positive,positive
sangat membantu sangat mudah digunakan terimakasih kai,5,2026-08-31 12:40:07,positive,positive
mantap,5,2026-08-31 11:52:45,positive,positive
kenapa ga undur padahal mau ubah jadwal keterlambatan pesawatan hubungi malah ga kasih solusi,1,2026-08-31 11:00:40,negative,negative
joslah,5,2026-08-31 10:39:39,positive,positive
kereta sering telat tepat waktu,1,2026-08-31 07:28:16,negative,positive
bagus sekali aplikasi kai dgn informasi yg sangat detail perjalanan dgn naik kereta api is the best,5,2026-08-31 03:33:44,positive,positive
pemesanan tiket keretanya terlalu kejauhan jadi cepat kehabisan,1,2026-08-31 03:32:37,negative,positive
membantu,5,2026-08-31 03:21:13,positive,positive
mantap,5,2026-08-31 03:02:29,positive,positive
mantap,5,2026-08-31 01:18:03,positive,positive
bagus,5,2026-08-30 18:57:29,positive,positive
pelayanan,5,2026-08-30 16:10:34,positive,positive
good,5,2026-08-30 14:04:58,positive,positive
aplikasi sangat membantu,5,2026-08-30 12:51:15,positive,positive
,5,2026-08-30 12:29:06,positive,positive
dibikin ribet kalau beliin penumpang bukannya majunmlaah mundur,2,2026-08-30 11:34:28,negative,negative
bug error bisa pesan utk tgl agustus ada pilihan tanggalnya perbaiki,4,2026-08-30 10:37:29,positive,negative
adm top up mahal app sering error,1,2026-08-30 07:29:20,negative,negative
apk gajelas hama ga lemot,1,2026-08-30 05:13:01,negative,negative
bagus,4,2026-08-30 02:40:35,positive,positive
mantap terimakasih sangat memuaskan,5,2026-08-30 00:32:31,positive,positive
sangat membantu,5,2026-08-29 22:40:00,positive,positive
akses mudah fitur pembayaran banyak pilihan,4,2026-08-29 22:36:58,positive,positive
sangat membantu,5,2026-08-29 21:10:34,positive,positive
aplikasinya sangat membantu mempermudah pemesanan tiket,5,2026-08-29 17:44:33,positive,positive
keseluruhan apk nya bagus berguna berpergian saya coba isi saldo kmt apk yang kesedot saldo kaipay saldo kartu nya masuk bagaimana,4,2026-08-29 16:43:07,positive,negative
bagus sangat membantu sekali,5,2026-08-29 13:44:12,positive,positive
hanya mau beri saran segera upgrade aplikasi pemesanan tempat duduk penumpang laki laki bisa melihat gender memesan kursi hanya penumpang wanita,4,2026-08-29 13:23:53,positive,positive
saya bisa buka akses aplikasi kai,5,2026-08-29 12:55:24,positive,positive
knapa dibatasi versi sih,1,2026-08-29 12:18:37,negative,negative
opsi ubah jadwal ngak jelas,1,2026-08-29 11:54:45,negative,negative
apknya bagus kenapa kalau cek jadwal kereta antar kota sering ngebug gak muncul jadwal tiketnya di perbaiki ya terimakasih,5,2026-08-29 11:24:53,positive,negative
gimana tulisannya kirim otp via email malah nampilin nomor hp udah gitu email maupun sms gak otp nya sama sekali,2,2026-08-29 10:16:10,negative,negative
terima kasih kai transportasi terjangkau mudah akses,5,2026-08-29 09:10:26,positive,positive
mantapp,5,2026-08-29 08:56:49,positive,positive
baik,5,2026-08-29 05:18:27,positive,positive
,5,2026-08-29 04:28:04,positive,positive
sangat membantu,5,2026-08-29 03:59:31,positive,positive
muantab,5,2026-08-29 02:16:18,positive,positive
kalo delay pemberangkatan krl diupdate dong schedulenya gak web gak apk sama gajelas,1,2026-08-29 00:55:12,negative,negative
semakin mudah pembayaran tehubung ovo mantapp,5,2026-08-29 00:36:22,positive,positive
oke,5,2026-08-29 00:18:38,positive,positive
sangat baik,5,2026-08-28 20:45:39,positive,positive
access by kai bagus memudahkan perjalanan dan memuaskan,5,2026-08-28 17:29:31,positive,positive
keren ui nya,5,2026-08-28 17:15:30,positive,positive
baik,5,2026-08-28 15:37:44,positive,positive
okey banget,5,2026-08-28 12:22:42,positive,positive
tracking nya lemot sesuai jadwal bahkan tracking gerbong rusak,4,2026-08-28 10:26:46,positive,positive
terimakasih menanggapi keluhan pelanggan baik tanggung jawab,5,2026-08-28 09:11:33,positive,positive
sistematik clear,5,2026-08-28 08:34:43,positive,positive
simple praktis memberikan kemudahan transportasi,5,2026-08-28 08:04:34,positive,positive
aplikasi sangat bagus membantu kerbutuhan masyarakat,5,2026-08-28 08:00:43,positive,positive
,5,2026-08-28 07:54:48,positive,positive
bagus,5,2026-08-28 07:27:50,positive,positive
top,5,2026-08-28 07:25:54,positive,positive
apk minus jadwal suka gak muncul,1,2026-08-28 07:22:34,negative,negative
sangat membantu,5,2026-08-28 06:53:48,positive,positive
mantap kai acces,5,2026-08-28 06:51:37,positive,positive
qris sering error kalo error calon penumpang ga pesan tiket padahal sangat urgent penumpang tiket harusnya penumpang pesan tiket karena pembayaran ga stasiun cikarang ga petugas khusus menangani tiket,1,2026-08-28 02:42:08,negative,negative
good,5,2026-08-28 02:13:54,positive,positive
aplikasi gak jelass padahal udah ngelunasin pembayaran tulisannya aplikasi disuruh ngelunasin pembayaran maksudnya apa woiiii,1,2026-08-28 01:48:15,negative,negative
si krl jalur jakarta bogor selalu macet setelah st cawang manggarai,2,2026-08-28 01:28:04,negative,negative
,4,2026-08-27 18:07:17,positive,positive
sangat bagus cinta banget sama kai,5,2026-08-27 17:07:14,positive,positive
upgrade malah gak jelas mau beli tiket login jadi member basic dulu trus ngapain dikasih opsi login klo ujung nya member parah,1,2026-08-27 13:32:32,negative,negative
baik,5,2026-08-27 12:36:47,positive,positive
good,5,2026-08-27 10:17:01,positive,positive
bagus,5,2026-08-27 08:43:19,positive,positive
mantap,5,2026-08-27 08:10:56,positive,positive
terimakasih banyak bapak ibuk yg bertugas,5,2026-08-27 06:17:51,positive,negative
tambahkan fitur pembatalan tiket kereta lokal online,5,2026-08-27 05:46:07,positive,negative
keren,5,2026-08-27 05:15:47,positive,positive
sangat cepat,4,2026-08-27 04:05:44,positive,positive
susah masuknya aplikasi,4,2026-08-27 03:59:12,positive,negative
mau beli tiket aja susah banget dikit dikit tiket tersedia cek apk padahal payah,1,2026-08-27 00:30:59,negative,negative
keren,5,2026-08-27 00:26:45,positive,positive
siip,5,2026-08-27 00:19:46,positive,positive
sangat bagus,5,2026-08-27 00:11:17,positive,positive
bagus kai lebih maju lebih baik ini selalu hrg promo kak,5,2026-08-26 23:49:37,positive,positive
access by kai sangat membantu mudah ga pake ribet sat set beres,5,2026-08-26 23:12:53,positive,positive
sangat memudahkan,5,2026-08-26 22:46:51,positive,positive
sangat puas ayo terus pertahankan tym,5,2026-08-26 15:15:51,positive,positive
good,5,2026-08-26 13:58:23,positive,positive
kalok mau pesen tiket keterangan aplikasi tuh eror terus padahal hp bisa install ulang berujung gabisa masuk gabisa daftar info apk eror makin kesini makin jelek padahal mau pesen tiket jauh jauh haripun gabisa dicoba beberapa hari tetep gabisa berujung kehabisan tiket diperbaiki dong apknya iya apk susah banget akses kalau pakai wifi kalau pakai paket data baru lancar,1,2026-08-26 11:19:47,negative,negative
bagus banget min,5,2026-08-26 10:45:46,positive,positive
jelek aplikasi kai masa cek tanggal pemberangkatan hari depan terisi semua sudah boking semua,1,2026-08-26 10:17:55,negative,negative
saldo kai sisa tp melakukan top up lewat brimo sebesar saldo kai ada hasil top up dr brimo sedang sisanya yg hangus hilang mungkin nominal kecil jika kalikan sekian juta pengguna kai sungguh modus pencurian yang sistematis,1,2026-08-26 09:02:57,negative,negative
cepat mudah akurat,5,2026-08-26 07:11:57,positive,positive
tiap buka aplikasi kog ga kenapa apa ga dipakai,1,2026-08-26 06:40:25,negative,negative
tingkatkan,5,2026-08-26 06:08:11,positive,positive
mudah simpel,5,2026-08-26 05:57:07,positive,positive
sangat membantu,5,2026-08-26 05:26:38,positive,positive
dong kai serayu joglosemarkerto kamandaka di sinkronkan bisa connect train,5,2026-08-26 03:26:30,positive,positive
gagal member basic data pribadi pernah daftar,1,2026-08-26 03:04:36,negative,negative
eror teros,1,2026-08-26 00:51:32,negative,negative
bagus banget jadi mudah mengelola pesanan,5,2026-08-26 00:37:54,positive,positive
pelayanan nya baik,5,2026-08-26 00:26:15,positive,positive
sekali pesan tiket bisa coba aplikasi lebih permudah biar bolak balik pesan,4,2026-08-26 00:22:15,positive,positive
okkk,5,2026-08-25 23:00:41,positive,positive
pelayanan bagus,5,2026-08-25 16:57:24,positive,positive
mempermudah bgt makasih udah bikin aku premium member,5,2026-08-25 16:28:43,positive,positive
maaf tanya aplikasi access by kai kok gak akses di hp oppo a padahal android saya,1,2026-08-25 15:30:57,negative,positive
i love kai,5,2026-08-25 15:02:34,positive,positive
mantab,5,2026-08-25 14:02:13,positive,positive
mudah dipahami,5,2026-08-25 12:54:46,positive,positive
bagus,5,2026-08-25 12:32:35,positive,positive
apk parah bisa cancel tiket refund guide dalam apk customservise dalam apk tidak ada udh x uns instal ttp gada guide nya uang jadi hangus,1,2026-08-25 11:30:57,negative,negative
ngebantu sekali,5,2026-08-25 08:34:25,positive,positive
tarif turuni lg min mkin terjangkau,4,2026-08-25 07:51:11,positive,positive
sangat memuaskan,4,2026-08-25 07:11:12,positive,positive
lah lah stiap mau bli ga tiket nya trus,1,2026-08-25 06:37:33,negative,negative
maaf min berkali kali disuruh upgrade member basic tp kog nomor hp munculnya sdh pernah digunakan pdhal sdh kali ganti nomor tp msh tetap tanya wa yg jawab asisten robot jd tdk memahami permasalhanya,1,2026-08-25 05:42:50,negative,negative
aplikasinya gimana sih ada saldo menu transaksi qris coba transaksi buat bayar shopee pay keterangan riwayat transaksinya ada saldo habis check shopee pay masuk lalu mana saldo saya,1,2026-08-25 05:35:42,negative,negative
,5,2026-08-25 05:12:51,positive,positive
keren banget mudah digunakan,5,2026-08-25 04:11:19,positive,positive
hy admin tidak memesan tiket orang sekali pesan dibatasi orang,4,2026-08-25 03:37:16,positive,positive
gampang akses pulang kampung,5,2026-08-25 02:00:49,positive,positive
on time,5,2026-08-25 01:59:44,positive,positive
cetak ebording nya lama nunggu beberapa jam pelayanan kurang memuaskan,2,2026-08-25 01:59:02,negative,negative
pembohong bisa refund disarankan transfer tiket sama aja padahal sesuai prosedur semua akun aktif di perbaiki,1,2026-08-25 01:41:12,negative,positive
memudahkan aktivitas perkeretaapian,5,2026-08-24 22:44:21,positive,positive
perjalanan grenline terlalu banyak rekayasa,1,2026-08-24 21:48:27,negative,negative
perjalanan nyaman aman tenang,5,2026-08-24 21:38:15,positive,positive
di perbaiki error error mulu capek bolak balik ngisi data mau pesen tiket aja ribett bangett,1,2026-08-24 14:56:06,negative,negative
sangattt buruk bisa gunakan,1,2026-08-24 14:24:11,negative,negative
dasar apk sampah,1,2026-08-24 12:31:27,negative,negative
aplikasi error mendaftar jadi member buat pesanan tiket ka mohon segera perhatikan perbaikan secepatnya agar di pergunakan segera terimakasih,1,2026-08-24 12:08:26,negative,positive
mantappp,5,2026-08-24 10:49:18,positive,positive
sangat buruk bisa pesan tiket sering eror suruh upgrade basic pas upgrade nokor telah terdaftar tetep eror bisa digunakan paraaaah,1,2026-08-24 10:44:15,negative,negative
sering eror bisa digunakan memesan tiket,1,2026-08-24 10:16:57,negative,negative
terima kasih mempermudah proses refund semoga tranferan berjalan jadwal,4,2026-08-24 10:05:08,positive,positive
puass,5,2026-08-24 07:23:44,positive,positive
memuaskan,5,2026-08-24 06:36:27,positive,positive
aplikasi baru digunakan error padahal baru download daftar kereta nya kyc pesen tiket nya kursi tinggal waktu dicekout bayar bisa terus waktu dikasih durasi menit kalau cepat cepat hangus justru membuat jelek harusnya masa habis pembayaran nya dikasih x jam bukan menit iya kalau aplikasi lancar orang apk error terus gitu gimana mau digunakan dihubungkan nya sulit malah diulang yg bikin konsumen kecewa,1,2026-08-24 06:10:57,negative,negative
bagis,5,2026-08-24 06:06:06,positive,positive
mantab,4,2026-08-24 04:22:47,positive,positive
jdi nga buka sana di dounlod lgi,5,2026-08-24 03:57:49,positive,positive
di perbaiki aplikasi nya masa ngelag mulu,1,2026-08-24 02:08:32,negative,negative
mantap,5,2026-08-24 01:33:03,positive,positive
durasi waktu pembayaran terlalu cepat beda dg via website kai,2,2026-08-24 01:10:36,negative,positive
bagus sekali,5,2026-08-23 23:15:15,positive,positive
,5,2026-08-23 19:05:28,positive,positive
kai access punya jadwalnya ga lengkap padahal hp ade lengkap masa pesen tiket pake hp ade krna jadwal lebih banyak hp sementara jadwal hp satu ga,2,2026-08-23 16:40:48,negative,negative
nyaman on tim,5,2026-08-23 16:03:13,positive,positive
good job,5,2026-08-23 13:49:21,positive,positive
mantap,5,2026-08-23 13:33:24,positive,positive
bagus,4,2026-08-23 11:34:00,positive,positive
ini bug pesan loket lokal pilih kerete dilanjutkan bayar pesan merah atas no matching properti id jadi ke stasiun pesan tiket lokal hp saya model lama kai buatkan policy kopor yg bisa masuk bagasi ukuran yg paling besar dibatasi sebuah bikin penumpang tidak kebagian bagasi jika tidak diatur bijak yg bisa kompartemen bagasi kereta paling belakang,4,2026-08-23 10:23:40,positive,negative
bagus pembelian tiketnya bisa reschedule,5,2026-08-23 09:51:27,positive,negative
memudah,5,2026-08-23 09:23:13,positive,positive
ribet banget ni apk gabisa satset,1,2026-08-23 06:53:23,negative,negative
goood,5,2026-08-23 06:48:52,positive,positive
aplikasi aneh pake ngedaftar aja udah susah,1,2026-08-23 03:19:15,negative,negative
aplikasi mudah digunakan jadwal kereta jelas pengaturan kursi dipilih,5,2026-08-23 03:16:16,positive,positive
sangat membantu,5,2026-08-23 03:11:49,positive,positive
performa aplikasi buruk beli tiket lrt registrasi emoney aja ga perlu registrasi udah coba registrasi pilih tujuan destinasi klik bayar berkali kali ga respon lalu berasumsi aktifkan kaipay registrasi aktivasi haduh pas udah aktif kaipaynya top up gagal abis baru tau dipengaturan ternyata bisa pake metode pembayaran harusnya bisa diganti pas beli tiket ga usah berangkat pengaturan masalahnya error jga pas gnti ovo hmm,1,2026-08-23 01:59:44,negative,negative
sangat membantuu kalau punya stasiun jauh semua,5,2026-08-23 01:51:41,positive,negative
bagus sangat membantu calon penumpang kereta mudah penggunaannya,5,2026-08-23 00:11:30,positive,positive
kai selalu jadi andalan maju terus kai,5,2026-08-23 00:00:16,positive,positive
pengembalian dana nya lama bgt asliii sihhh,1,2026-08-22 17:39:30,negative,negative
mantap,5,2026-08-22 16:16:49,positive,positive
jadwal kedatangan keberangkatan pernah sesuai,1,2026-08-22 15:48:03,negative,negative
akses sangat mudah pahami,5,2026-08-22 15:33:54,positive,positive
applikasi cacat mao daftar member aja kagak bisa,1,2026-08-22 13:14:33,negative,negative
cukup merasa puas adanya alat transportasi,5,2026-08-22 11:53:54,positive,positive
top,5,2026-08-22 11:27:09,positive,positive
sangat membantu,5,2026-08-22 10:51:23,positive,positive
kai the best,5,2026-08-22 10:30:14,positive,positive
access by tiket desember natural liburan,5,2026-08-22 10:10:11,positive,positive
aplikasi haram,1,2026-08-22 08:16:17,negative,negative
belom pernah naik kereta api,4,2026-08-22 07:49:44,positive,positive
sekarang hp ku bisa install kai access padahal versi android nya versi terbaru situ tertulis kompatibel mohon pencerahannya min,2,2026-08-22 05:03:47,negative,negative
uda beli asuransi biar full refund eh ternyata tetap kepotong hadehh ubah jadwal ga lagi eror terus,4,2026-08-22 02:23:57,positive,negative
swlalu kereen kai,5,2026-08-22 01:07:40,positive,positive
mantap murah aman nyaman yah tiketnya dak dibatalin terus pas mau dibatalin tulisan ada nama penumpang atas nama mau dibatalin padahal dibayar,5,2026-08-21 22:39:35,positive,positive
sangat mudah kan,5,2026-08-21 17:49:32,positive,positive
aplikasi makin bagus keren tolong dong aku udah booking tiket kepulangan pengen majuin tgl nya ga lihat kursi kosong ngga padahal perlu banget liat dulu di cancel,4,2026-08-21 17:30:14,positive,negative
top markotopp kerens,5,2026-08-21 15:50:14,positive,positive
kurang simple,4,2026-08-21 14:39:46,positive,positive
semakin mudah memesan tiket kereta api antar kota kereta bandara bahkan kereta cepat,5,2026-08-21 14:20:30,positive,positive
aplikasi bumn pesen kereta gabisa tau posisi gerbong kursi suka eror jg,1,2026-08-21 13:36:15,negative,positive
sangat membantu praktis,5,2026-08-21 12:43:26,positive,positive
bisa daftar padahal udah hapus akun mau edit identitas susah aplikasi ampas,1,2026-08-21 12:00:53,negative,negative
kai kasih promo harga tiketnya,5,2026-08-21 11:41:26,positive,positive
praktis banget,5,2026-08-21 10:26:07,positive,positive
terima kasih sdh mempermudah perjalanan dlm pemesanan tiket,5,2026-08-21 10:08:44,positive,positive
pelayanannya baik,5,2026-08-21 09:03:36,positive,positive
sering eror,1,2026-08-21 08:31:28,negative,negative
aplikasi gimana deh aktivasi kaipay join member basic dulu tp pas isi data nomorku udah terdaftar padahal blm daftar samsek trs mesti pake nomor mana nomor ku lho cuma,2,2026-08-21 07:44:06,negative,negative
ribet sekali tidak membatalkan tiket atas nama yg pembatalan sama namanya antar nama penumpang dg nama akun pembatalan gagal karna no rekening yg cantumkan beda dg nama penumpang kai ribet banget gimana coba misalkan ornag gak punya rekening orang tua yg gaptek bisanya bantu sama keluarganya jengkelin banget uang lenyap cuma karna tiket ibu gak di batalkan karna beda usser dong jangan gitu,1,2026-08-21 06:47:21,negative,positive
keren,4,2026-08-21 06:33:22,positive,positive
oke,5,2026-08-21 06:03:24,positive,positive
keren,5,2026-08-21 05:57:18,positive,positive
aplikasi kaya t i kebanyakan pemeliharaan kgk beres beres buat cpet cpet gak,1,2026-08-21 05:34:58,negative,positive
knpa sayang nga pesan tiket saya masuk dftr mejadi member bausc ttp nga bisaa trss anehh,1,2026-08-21 03:31:23,negative,negative
respon pelayanannya lelet bales ai gw refund tiket kreta uangnya kembali,1,2026-08-21 03:30:59,negative,positive
,5,2026-08-21 03:17:59,positive,positive
mantap,5,2026-08-21 01:04:52,positive,positive
bagus semoga lebih baik,5,2026-08-21 00:41:00,positive,positive
good,4,2026-08-20 23:01:03,positive,positive
cobalah perjalanan dengan kereta api anda ingin santai menikmati pemandangan itu sangat menyenangkan murah,5,2026-08-20 19:38:28,positive,positive
layanan bagus,5,2026-08-20 17:47:39,positive,positive
mahal kacau ancur negeri dulu biasa dibawah eror gaji juta rata,1,2026-08-20 17:38:04,negative,negative
punya akun tetap upgrade basic isi berkali kali gak upgrade dgn nomor hp yg terdaftar bikin ribet,1,2026-08-20 14:44:10,negative,negative
bagus apk nya,5,2026-08-20 14:13:39,positive,negative
kai access lebih mudah maju modern,5,2026-08-20 13:50:46,positive,positive
mantab,5,2026-08-20 13:06:44,positive,positive
tiket kelas ekonomi yg harga rb masa udah habis pdhl kebrangkatan tgl agustus aneh tiket sangat mahal bgt parah sih skrg pdhl mau dri jkarta pasar senen indramayu haurgeulis doank gila sih,1,2026-08-20 12:27:40,negative,negative
udah bagus makin update malah sering log out terus bosan login,5,2026-08-20 11:02:48,positive,negative
nih app akhir akhir sering stak gak smot digunakan,2,2026-08-20 10:50:37,negative,negative
pembatalan tiket ku berhasil apk nya bodo stasiun keberangkatan dicari sama hasilnya beda untung teliti pihak kai lebih diperhatikan hasil pencarian nya ada beberapa tidak sesuai,5,2026-08-20 09:49:27,positive,negative
support,1,2026-08-20 08:04:06,negative,negative
data login hilang,1,2026-08-20 05:27:00,negative,positive
kebanyakan delay ni company gawe yg bener lu bumn,1,2026-08-20 04:08:53,negative,negative
aplikasi gak cek jadwal medan siantar medan tanjung balai ga jadwal bahkan bolak balik ganti hari sama pantesan kai ga maju,1,2026-08-20 03:07:03,negative,negative
sangat membantu,5,2026-08-19 21:46:44,positive,positive
sangat memuaskan pelanggan good job,5,2026-08-19 21:36:23,positive,positive
ga di download jir,1,2026-08-19 17:06:48,negative,negative
good,5,2026-08-19 15:06:56,positive,positive
oke,5,2026-08-19 14:00:09,positive,positive
,5,2026-08-19 12:33:46,positive,positive
good,5,2026-08-19 12:23:33,positive,positive
mantap pelayananya,5,2026-08-19 11:52:13,positive,positive
oke banget,5,2026-08-19 11:11:17,positive,positive
mudah praktis layanan lengkap sangat memuaskan,5,2026-08-19 11:07:29,positive,positive
malah mogok kerja liat kode otp malah keluar apk malah disuruh login ulang,2,2026-08-19 10:47:40,negative,negative
baguuuuuus,5,2026-08-19 10:23:31,positive,positive
good aplikasi thanks kai semoga kedepan nyambung seluruh penjuru indonesia,5,2026-08-19 09:09:42,positive,positive
sangat membatu,4,2026-08-19 08:28:42,positive,positive
mantap,5,2026-08-19 06:18:47,positive,positive
sangat membantu,5,2026-08-19 05:43:42,positive,positive
alasannya apa hp xiomi x gak kompetable,2,2026-08-19 05:29:23,negative,negative
baik kok,5,2026-08-19 03:55:15,positive,positive
pelayanan bagus,5,2026-08-19 03:41:00,positive,positive
sangat membantu buat pesan tiket kereta api rumah,5,2026-08-19 02:49:32,positive,positive
kereta api perjalanan jakarta swmarang lebih nyaman tepat waktu pengalaman pernah ketinggalan kereta kali jalanan macet huuuu sedih beli tiket,5,2026-08-19 02:34:18,positive,positive
mantapppp,5,2026-08-19 01:21:17,positive,positive
excellent,5,2026-08-19 00:56:34,positive,positive
bagus,5,2026-08-19 00:10:53,positive,positive
aplikasi plat merah rasa rt trobel terus woy,1,2026-08-18 20:00:34,negative,negative
pelayanan sangat,5,2026-08-18 14:48:55,positive,positive
,5,2026-08-18 13:45:00,positive,positive
dulu cari tiket kereta seminggu dri keberangkatan bnyk tiket sekarang bulan jga udah habis main apa inii,1,2026-08-18 13:31:14,negative,positive
good,5,2026-08-18 11:11:23,positive,positive
mantap,5,2026-08-18 10:45:51,positive,positive
sering pke kai acces tpi ad sebulan g buka aplikasi tiba keluar akun pas masuk akun gbisa krna sandi salah padahal sandi g pernh berubah mnta pusat bantuan via wa responnya menunggu antrian terus wlwpun saldo sdkit yg pnting tu data penumpang yg sayangkan soalnya klo beli tiket tu cepet klo g kehbisan maknya data penumpang tersimpan kan mnghemat wktu aj pemesanan,2,2026-08-18 10:40:50,negative,negative
kai access emang top markotop,5,2026-08-18 10:31:39,positive,positive
baik,5,2026-08-18 06:33:52,positive,positive
gak gunanya download aplikasiini kalo tiket minggu aja kosong gak jelas,1,2026-08-18 06:31:28,negative,negative
sangat suka naik kereta saran saya lebih baik adain kereta cianjur bandung biar usah naik kereta kali,5,2026-08-18 05:57:05,positive,positive
dg memakai aplikasi semakin mempermudah akses,5,2026-08-18 05:35:44,positive,positive
mempermudah pembelian tiket keluar kota terimakasih sekaliii semoga besok perjalanan dan anak lancar aman happy aamiin,5,2026-08-18 05:07:22,positive,positive
benerin tombol tambah penumpang dong masa buat isi data penumpang mentok tahun,1,2026-08-18 05:02:21,negative,negative
maahal,1,2026-08-18 04:46:15,negative,positive
sangat membantu memudahkan perjalanan konsumen pertahankan bintang nya smg kai semakin sukses kedepannya aamiin,5,2026-08-18 04:38:05,positive,positive
bagus,5,2026-08-18 04:23:39,positive,positive
jelek perguna parah,1,2026-08-18 04:14:48,negative,negative
bulan susah bgt buat nyari tiket kereta jadwalnya tidak muncul diberanda,1,2026-08-18 04:14:30,negative,positive
bagus,5,2026-08-18 02:04:33,positive,positive
ribet,1,2026-08-18 01:41:44,negative,negative
top,5,2026-08-18 00:56:31,positive,positive
durasi pemesanan tiket terlalu cepat,4,2026-08-18 00:16:15,positive,positive
pas mau ubah rute tiketnya sudah terbayar sangat rumit,1,2026-08-17 17:24:41,negative,negative
beberapa minggu in layanan buruk tidak memesan online,1,2026-08-17 15:12:39,negative,negative
,5,2026-08-17 15:06:44,positive,positive
keren kai ku menyala dunk,4,2026-08-17 14:49:32,positive,positive
sangat membantu,5,2026-08-17 13:55:09,positive,positive
rencana mau booking tiket tp pas buka app nya selalu tulisan ada jadwal kereta api maksudnya apa sih cek bolak balik tetep sama akhirnya booking pas jam pagi bayangin jam pagi gila,1,2026-08-17 13:54:40,negative,negative
simple akurat,5,2026-08-17 10:49:52,positive,positive
baru instal liat dulu,5,2026-08-17 10:39:54,positive,negative
bisa bayar,1,2026-08-17 10:22:30,negative,negative
aplikasi yg sangat membantu perjalanan luar kota alhamdulillah berapa kali sy memakai moda transportasi kereta api kai is the best,5,2026-08-17 10:16:08,positive,positive
bagus,5,2026-08-17 09:08:14,positive,positive
makin sini makin gajelas ni aplikasi nyari tiket hasilnya gaada jadwal mulu padahal internet stabil,2,2026-08-17 09:04:52,negative,negative
sumpah allah gabisa mesen tiket aplikasi bug mulu x besoknya engga loading bilang nya maintenance aslinya emg bug udh coba hp masi aja gabisa apa emg bobrok aplikasi nya gmn sih,1,2026-08-17 07:44:08,negative,negative
disayangkan harus tiket kursi kelas ekonomi bayar nya sama ada kursi mana perjalanan kediri malang bawa anak kecil kondisi medis pt kai lebih bijak untuk kedepan,4,2026-08-17 07:35:00,positive,positive
top up nya ribet sangat mahal biaya adminnya sy topup ribu kena tax admin rupiah nalar banget mana akun acces untuk orang bikin ribet kalo pergi dgn kai sekeluarga,2,2026-08-17 05:04:40,negative,negative
sangat membantu rebahan rumah pesan tiket kereta api,5,2026-08-17 04:54:11,positive,positive
pt kai terhormat hanya memberi saran aplikasi dan pelayanan pt kai kedepannya lebih baik terutama kebijakan pembelian tiket tempat duduk lebih manusiawi pt kai menyediakan tempat pelanggan memilih keputusan membeli layanan tersebut bukannya memberi opisi berpindah tempat duduk tidak penumpangnya tidak semua pelanggan tempat duduk bisa dengan ramah berbagi tempat,5,2026-08-17 04:47:30,positive,positive
mudah banget,5,2026-08-17 04:39:09,positive,positive
mantap,5,2026-08-17 03:49:23,positive,positive
top,5,2026-08-17 02:15:49,positive,positive
sayang banget pengembalian cancel tiket refund dilakukan pihak ketiga membutuhkan waktu cukup lama diproses paling cepat hari bahkan lebih lama tidak mungkin diproses lebih cepat hari pengajuan saran aja proses refund dilakukan kai sendiri aja jika mau kai mampu melakukannya beberapa yang perlu diperbaiki aplikasi bumn lebih buruk traveloka aplikasi milik swasta proses refund lambat,1,2026-08-17 01:42:35,negative,positive
update perubahan scrool semua stasiun tampil kadang seperempat kadang bagian tengah tampil ketik berdasarkan map sdh face recognition tertulis data hilang bugs parah tertulis member ada pop up blm terdaftar minta data railpoin berguna pakai histori dapat ditampilkan,2,2026-08-17 00:26:06,negative,negative
kai sangat luar biasa,5,2026-08-16 23:12:00,positive,positive
tranportasi suka telat sering bkin emosi kalo disuruh nunggu stasiun manggarai ma jatner wkwk kaga naek ni kendaraan,1,2026-08-16 23:00:02,negative,negative
mantap,5,2026-08-16 21:45:13,positive,positive
aplikasi njirr,1,2026-08-16 18:03:27,negative,negative
pliss kasih tau caranya batalin tiket punya satu orang dia ga punya akun kai,1,2026-08-16 18:02:03,negative,negative
bagus,4,2026-08-16 17:27:49,positive,positive
puas,5,2026-08-16 15:54:41,positive,positive
jadi akses disabilitas netra pengembangannya cukup buruk,2,2026-08-16 14:56:14,negative,positive
perbaiki ukuran kalendernya geser otomatis lebih bawah untuk tgl agustus bisa dipilih tertutup tombol save buat bisa isi manual lalu ma short berdasar kan low price berfungsi,1,2026-08-16 14:18:31,negative,negative
aplikasi parah bgt top up melalui internet banking tdk keterangan biaya admin apapun saldo masuk terpotong hampir rb rupiah ada keterangan diaplikasi minimal saldo mau dipakai top up dulu pdhl saldo cukup utk pembelian tiket ga mau pakai mending beli tiket pakai app gojek minimal saldo,1,2026-08-16 13:51:34,negative,negative
terima kasih pt kai membuat aplikasi b pokoknya,5,2026-08-16 13:02:13,positive,positive
bagus sekali,5,2026-08-16 12:00:00,positive,positive
pembayaran aplikasinya berhasil padahal saldo terpotong ditunggu waktu habis ternyata berhasil terima kasih aplikasinya menguras tenaga emosi sekali bintang dulu saya email saya kirim komplen lewat wa cs nya ada tanggapan juga,1,2026-08-16 09:59:58,negative,negative
aplikasi sampahh pdhal udh bayar pake qris saldo udh berkurng gk kebaca sama apkny bner sampahh,1,2026-08-16 09:21:38,negative,negative
sangat bagus muach kai,5,2026-08-16 08:23:52,positive,positive
respon nya cepat mudah diakses,5,2026-08-16 07:02:46,positive,positive
naik sri tanjung agustus pelayanan kondektur kurang ramah kalau mau bagus pelayanan lebih baik,1,2026-08-16 06:51:57,negative,positive
sangat membantu,5,2026-08-16 06:37:14,positive,positive
mau masuk kode tiba tiba keluar sendiri,1,2026-08-16 06:33:47,negative,negative
,5,2026-08-16 05:35:30,positive,positive
proses cepat,5,2026-08-16 05:25:52,positive,positive
php terus,1,2026-08-16 04:42:23,negative,negative
senang naik kereta api jam keberangkatan tiba tujuan cocok saya lansia dpg diskon,5,2026-08-16 04:22:54,positive,negative
tiket terpaksa hangus gara anak kecil ga ktp g solusi ada ganti rugi perbaiki aplikasimu mengakomodir user anak parahhhh,1,2026-08-16 03:06:05,negative,negative
gak berguna tiket selalu tersedia,1,2026-08-15 23:57:29,negative,negative
lancar,5,2026-08-15 23:36:21,positive,positive
dalam aplikasi nya selalu bug tiket yg pesan jadi hangus jadinya gimna dong,1,2026-08-15 16:29:39,negative,negative
tiket kereta selalu habis rute palembang tj karang sebaliknya,1,2026-08-15 15:49:30,negative,negative
pelayanan customer servicenya slow response lambat,1,2026-08-15 15:32:55,negative,negative
banget,5,2026-08-15 15:00:09,positive,positive
gerbong panas pendingin udara gak berfungsi baik kereta jayakara lapor petugas gak respon,1,2026-08-15 14:41:27,negative,positive
keren,5,2026-08-15 13:56:11,positive,positive
terimakasih banyak,5,2026-08-15 13:42:25,positive,negative
namanya rebutan tiket akan terus klik ketika mau malah ga bisa muncul error notification terlalu banyak frequentcy menyimpan jangan perbaiki lah seperti ini jangan ada batas kuota pesanan belum selesai,1,2026-08-15 11:57:06,negative,negative
sangat mudah aman,5,2026-08-15 11:21:35,positive,positive
very good,5,2026-08-15 10:52:53,positive,positive
aplikasinya sangat membantu kita males pesan tiket langsung offline tampilan aplikasinya bagus mudah dipahami tidak banyak ngelagnya,5,2026-08-15 10:01:20,positive,positive
bagus respon cpt,5,2026-08-15 09:50:58,positive,positive
gangguan mulu lemot,1,2026-08-15 09:18:26,negative,negative
upgrade basic berhasil tp mau beli tiket tetap suruh upgrede gitu teruss,1,2026-08-15 08:54:14,negative,negative
good,4,2026-08-15 08:13:12,positive,positive
aplikasi bagus metode pembayaran naik krl bisa pakai kaspro bisa pakai dana gopay,1,2026-08-15 07:00:53,negative,positive
di info berapa biaya topup kaipay pas topup jadi kurang harus topup,1,2026-08-15 06:51:35,negative,negative
terima kasih kai,5,2026-08-15 05:35:53,positive,positive
sisa kursi dipilih respon aplikasi kursi tersedia dicoba berkali kali malah diblokir jadi bisa beli tiket pencarian jgj jkt jgj bekasi ada dengan kereta jadwal sama harga lebih mahal yg jgj bekasi terlalu banyak anomaly difitur pencarian,1,2026-08-15 03:05:19,negative,negative
oke nice,5,2026-08-15 02:27:07,positive,positive
sangat membantu sekali,5,2026-08-15 02:23:06,positive,positive
mau cek tiket ga payah,4,2026-08-14 23:57:48,positive,negative
bagus terus jaga tingkatkan pelayanan,5,2026-08-14 23:40:24,positive,positive
oke,5,2026-08-14 22:48:07,positive,positive
mantap proses gampang ga ribet,5,2026-08-14 14:34:03,positive,negative
pelayan nya sangat bagus,5,2026-08-14 12:32:42,positive,positive
aku coba,4,2026-08-14 09:13:58,positive,positive
nice,5,2026-08-14 09:00:11,positive,positive
apk nya diperbaiki,2,2026-08-14 08:42:01,negative,negative
aplikasi ga jelas mau bayar malah ke home,1,2026-08-14 07:31:47,negative,negative
bagus,5,2026-08-14 07:05:08,positive,positive
access by kai aplikasi sangat membantu kebutuhan perjalanan menggunakan kereta api pemesanan tiket menjadi lebih praktis bisa dilakukan langsung melalui smartphone informasi perjalanan mudah ditemukan pengguna merencanakan perjalanan lebih nyaman aplikasinya cocok siapa yang sering menggunakan layanan kereta api indonesia,5,2026-08-14 05:55:46,positive,positive
mantap,5,2026-08-14 03:13:49,positive,positive
si kai kadang go show nya sila ga muncul udah reload hapus pasang ulang tetep gak,2,2026-08-14 01:07:13,negative,negative
cara pesan pembayaran tiket kereta mudah cepat aman,5,2026-08-14 00:34:24,positive,positive
aplikasi lemot,1,2026-08-14 00:32:15,negative,negative
mantap,5,2026-08-13 23:37:54,positive,positive
mudah pemakaian aplikasi pilihan pembayaran,4,2026-08-13 22:44:18,positive,positive
lebih baik aplikasinya,5,2026-08-13 21:30:08,positive,positive
tisak di instal hp kompatibel,1,2026-08-13 17:17:05,negative,positive
goood,5,2026-08-13 15:18:35,positive,positive
matap,5,2026-08-13 14:40:05,positive,positive
sangat membantu,5,2026-08-13 14:34:06,positive,positive
mantap,5,2026-08-13 13:56:58,positive,positive
,5,2026-08-13 13:29:58,positive,positive
aplikasi menimbulkan rute keberangkatan semua tanggal,1,2026-08-13 12:43:21,negative,negative
keluar keluar terus gak masok blasss,1,2026-08-13 11:20:10,negative,negative
sangat membantu mudah diaplikasikan terima kasih kai,5,2026-08-13 10:40:07,positive,positive
best aplikasi,5,2026-08-13 10:28:53,positive,positive
baik,5,2026-08-13 10:21:02,positive,positive
promo nya banyak banget,5,2026-08-13 10:17:53,positive,positive
aplikasinya perlu perbaikan lebih lanjut,2,2026-08-13 08:13:00,negative,positive
cepat tanggap,5,2026-08-13 07:08:00,positive,positive
aplikasi busuk sinyal bagus gabisa cari rute aneh,1,2026-08-13 06:14:25,negative,negative
qrisnya gak muncul,1,2026-08-13 05:51:49,negative,negative
mantap,5,2026-08-13 05:09:21,positive,positive
ko jd gak download keperngkat hp padahal sebelumnya trus jd kortibel d parangkat hp,1,2026-08-13 05:04:45,negative,positive
customer service vi telepon sesat njir ke senen dulu baru infonya bener,1,2026-08-13 04:16:52,negative,positive
akan membatalkan salah satu penumpang luar pemilik akun no rekening refund sama penumpang dibatalkan gimana penumpang tsb tdk punya no rekening,1,2026-08-13 03:25:49,negative,negative
,5,2026-08-13 01:17:14,positive,positive
akses mudah,5,2026-08-13 00:56:52,positive,positive
apk nya nya kontrol bot eror terus perasaan kocak,1,2026-08-13 00:12:47,negative,negative
good,5,2026-08-12 23:29:42,positive,positive
terlalu sering maintenence kai padang pariaman perlu banyak perubahan pesan tiket lalu milih balik mau ubah jam eh malah udah kedeteksi disuruh pembayaran dibatalin mau milih lagi malah cannot booking ksksjsksk,1,2026-08-12 23:24:53,negative,negative
sangat bagus,5,2026-08-12 23:17:59,positive,positive
mantap,5,2026-08-12 19:09:28,positive,positive
lbh praktis,5,2026-08-12 18:25:56,positive,positive
top up kmt tp pas pembaharuan saldo kmt terbaca,1,2026-08-12 13:38:17,negative,negative
aplikasi cacat,1,2026-08-12 13:29:12,negative,negative
benerin masa tiap load keyboard animasi nya lama nya minta ampun di luar aplikasi lancar aja,1,2026-08-12 12:59:23,negative,negative
tek digunakan hp padahal posisi ticket jam kemudian keberangkatan,1,2026-08-12 12:35:36,negative,negative
sangat puas sekali,5,2026-08-12 10:29:20,positive,positive
good,5,2026-08-12 09:14:49,positive,positive
sangat membantu terima kasih,5,2026-08-12 08:50:02,positive,positive
tiba tiba ganguan login ga instal ulang veripikasi abad sampainya bagaimana min,1,2026-08-12 08:14:49,negative,negative
puas,5,2026-08-12 07:20:43,positive,positive
mantap,5,2026-08-12 06:16:48,positive,positive
good job,5,2026-08-12 05:43:21,positive,positive
kai access sekarang cuman cek lihat jadwal kereta beberapa kali sehari langsung bisa dipakai yah jadwal kereta langsung kosong padahal mau pesan tiket kacauuu klo pakai aplikasi pemesanan pihak bisa di kai access muncul tadinya cek jadwal jadi bisa pesan,1,2026-08-12 05:13:30,negative,negative
tambahin metode pembayaran ewalled gopay dong ato bank mandiri,5,2026-08-12 03:05:37,positive,positive
aplikasi ny makin buruk ga pesan tiket padahal dulu aplikasinya sangat mudah beli tiket sekarang makin ribet pdahal mau pesan tiket di persulit,1,2026-08-12 01:42:20,negative,negative
sering error aplikasinya keretanya telat hadehhh,1,2026-08-12 01:27:43,negative,negative
harga tiket makin mahal ga kejang au sama masyarakat bawah yg kereta siluman tiket habis terus,1,2026-08-12 00:55:06,negative,negative
mantap,5,2026-08-12 00:31:39,positive,positive
kereta ekonomi c cikuray kursi nya ga nyaman bikin pegel padahal pesan tiket nya yg ekonomi biasa malah arahin ekonomi pertanian,4,2026-08-12 00:10:21,positive,negative
great transport app,5,2026-08-12 00:02:36,positive,positive
bbrp hari aplikasi dpt berfungsi sbgmn mestinya,1,2026-08-11 23:19:37,negative,negative
mudah,5,2026-08-11 22:14:46,positive,positive
sering error,5,2026-08-11 21:57:58,positive,negative
update aplikasi malah semakin buruk mau beli tiket luar kota antre menit setelah giliran malah muncul jadwal kereta tersedia coba ganti tanggal pagi malam tetap bisa beli tiket pencarian kereta lokal bermasalah ketik kras stasiun tujuan sebelumnya muncul sekarang ditemukan update memperbaiki aplikasi bukan malah merusak fitur sebelumnya normal mohon segera diperbaiki,1,2026-08-11 17:38:08,negative,negative
sejak era efisiensi aplikasi semakin buruk batasan menit mengantri dulu untuk memilih kereta aplikasi super lemot banyak ketidaknyamanan lainnya,1,2026-08-11 16:29:01,negative,negative
perbaikan nya lama jadi menghambat agustus sampe sekarang belom beres aja pusing sama acceesss by kai,1,2026-08-11 16:04:18,negative,positive
update kok makin bug,1,2026-08-11 16:03:02,negative,negative
,1,2026-08-11 16:02:27,negative,positive
aplikasi sering loading padahal kuota aman wifi aman sering kali bermasalah selalu mengalami gangguan memproses informasi tiket kereta maupun pemesanan,2,2026-08-11 15:50:47,negative,negative
woy aplikasi berat banget loading lama update,1,2026-08-11 15:48:55,negative,negative
mau pesen tiket lokal h eror terus,1,2026-08-11 15:34:29,negative,positive
jangan keseringan eror min,4,2026-08-11 15:21:11,positive,negative
bagus,5,2026-08-11 15:15:41,positive,positive
sedikit memesan tiket nya harus menunggu,5,2026-08-11 15:10:56,positive,negative
kayaknya dulu lancar aja beberapa hari kok antre terus ga masuk masuk gabisa cek jadwal,2,2026-08-11 15:02:12,negative,negative
sangat ngebantu sekalii,5,2026-08-11 14:54:05,positive,positive
dari tadi aplikasinya error terus mau beli tiket bisa mohon segera monitor bisa gunakan,4,2026-08-11 14:18:49,positive,negative
aplikasi nya pembeliannya udah bagusss cuma minusnya war tiket sulit sekali bahkan saat bisa melihat tiket bahkan jadwal tidak tolong untuk memperbaiki sistemnya itu aja sih ulasannya saya tetap semangattttt tolonggg inii sayaa udahhh pesenn mauu bayarr kenapaaa lemottt tolonggg,5,2026-08-11 14:15:28,positive,negative
abis update error mulu,1,2026-08-11 14:15:10,negative,negative
sekarang jelek banget mau masuk disuruh ngantri giliran sdh bs masuk lama bngt ribet,1,2026-08-11 14:12:23,negative,negative
server sering down loading lama,1,2026-08-11 14:10:44,negative,negative
apk nya skrng kok makin kesini pesen tikcet susah era pak jonan gak seribet malah skrng pesen ticket suruh nunggu menit kebanyakan borong calo kah,2,2026-08-11 14:08:29,negative,negative
server sedang sibuk cobalah beberapa lagi kelihatan tdk profesional dlm bekerja bagaimana calon penumpang puas kalau dr kapasitas server aja tdk diperhatikan ini lebih parah agustus sedangemasuki masa antrian apa bedanya ngga pakai aplikasi kalai ada antrian,1,2026-08-11 14:03:25,negative,negative
aplikasi lemot sinyalku g full woiii lama kali loadingnya upgrade dong servernya biar kalo banyak akses jadinya ndak lemot,1,2026-08-11 14:00:23,negative,negative
mau pesen tiket aja nunggu antrian terus,1,2026-08-11 14:00:03,negative,positive
aplikasi bobrok mu cekot ngga,1,2026-08-11 13:59:15,negative,negative
hari seharian ga akses pembelian sama sekali disuruh go show minimal jam keberangkatan jelek banget aplikasinya,1,2026-08-11 13:47:01,negative,negative
biasanya aplikasinya normal beberapa hari malah lag parah akhirnya coba update ternyata lebih parah diperbaiki min aplikasi yg pakai hari masalahnya,4,2026-08-11 13:45:50,positive,negative
gak mesan tiket selalu full buat apa aplikasi nya kalo gak tiket penuh terus,1,2026-08-11 13:44:32,negative,negative
aplikasi gimana sih buatnya kaya gk niat udah refresh berkali kali aja kesalahan padahal udah test sinyal aman aja servernya ganti murah,1,2026-08-11 13:42:45,negative,negative
g usah rilis aplikasi klau g di pakai antri yg tak berujung bikin males aja,1,2026-08-11 13:36:03,negative,positive
oke,5,2026-08-11 13:33:47,positive,positive
makin kesini makin banyak eror nya gak ketulungan,1,2026-08-11 13:29:02,negative,negative
ga jelas ni apk sering gangguan,1,2026-08-11 13:27:03,negative,negative
bagaimana aplikasi beli tiket kereta tidak bahkan sekedar cari jadwal kereta,1,2026-08-11 13:25:30,negative,positive
aplikasinya berguna bngt tadinya ngga jadi berani bisa,5,2026-08-11 13:20:49,positive,positive
buruk banget pas maintenance lag gabisa pesen,1,2026-08-11 13:17:26,negative,negative
versi terbaru jelek gagal terus kebanyakan loading kembalikan versi terdahulu,1,2026-08-11 13:15:35,negative,negative
loading,4,2026-08-11 13:14:27,positive,negative
kok error mulu,2,2026-08-11 13:10:38,negative,negative
sering erorr kadang sulit mau akses pesan tiket pernah sy dpt kursi tp kursinya sdh terisi nomor sama gerbang jg sama mohon lbh diperbaiki lg trimakasih,5,2026-08-11 13:06:41,positive,negative
update bisa dipakai loading lama time out error,1,2026-08-11 13:00:28,negative,negative
aplikasinya lemooot,1,2026-08-11 12:56:07,negative,positive
kendala pemberitahuan aplikasi malah jadi menyusahkan penumpang mau pesan tiket ada notif pemberitahuan terjadi masalah,1,2026-08-11 12:55:56,negative,negative
update lemot paraah,1,2026-08-11 12:50:34,negative,negative
aplikasi lemot pembayaran aplikasi macam sampah,1,2026-08-11 12:47:21,negative,negative
kocak gw sering telat gara gara sering gangguan ganti aja pake kartu aja biar simpel tinggal tempelin,1,2026-08-11 12:46:56,negative,negative
mau pesan tiket ribet banget,1,2026-08-11 12:37:54,negative,negative
server perbaikin lah ngedown mulu kalo mau pesan tiket,4,2026-08-11 12:35:24,positive,negative
dana tersebut tiket terbit,1,2026-08-11 12:33:14,negative,positive
perbaikan upgrade server dapat mengelola pemesanan lebih optimal padahal bukan bulan ramadhan masa iya antri harusnya ini perlu,2,2026-08-11 12:33:13,negative,positive
lemot,1,2026-08-11 12:28:18,negative,negative
update versi terbaru malah tambah parah mohon diperbaiki b dulu,1,2026-08-11 12:27:57,negative,negative
lu kagak kuat upgrade biaya server malah pake sistem antrian menitan mau bangkrut apa ga upgrade server kemunduran apa ini bumn,1,2026-08-11 12:20:55,negative,negative
makin kesini mau liat jadwal kereta antri seharian gak beli tiket,1,2026-08-11 12:13:24,negative,positive
pemesananan tiket via aplikasi sering gangguan loading muter lama banget padahal sinyal bagus,2,2026-08-11 12:03:45,negative,negative
apa apaan masa buka tiket gabisa padahal sinyal full loh,1,2026-08-11 11:59:47,negative,negative
cek jadwal doang suruh nunggu halaman menit kalau cek jadwal gak perlu nunggu kalau mau pesan lah antri nunggu,1,2026-08-11 11:55:41,negative,positive
buruk,1,2026-08-11 11:54:42,negative,negative
setelah pembaruan aplikasi jadi lelet jadi memperlambat proses pemesanan tiket biasa cuma butuh menit sekarang menunggu jam lebih,2,2026-08-11 11:47:01,negative,positive
server elek antrean lama,1,2026-08-11 11:42:49,negative,negative
aplikasi ngeleg,1,2026-08-11 11:41:00,negative,negative
makin sini makin ga jelas,1,2026-08-11 11:39:33,negative,negative
aplikasi sering eror mau memesan tiket kreta h,1,2026-08-11 11:38:41,negative,negative
update performa aplikasi sangat buruk buruk sekali,1,2026-08-11 11:38:37,negative,negative
maaf kai aku kasih bintang dulu sekarang aplikasi nya bener bener gak dipake sama sekali padahal aku udah bayar tiket pas mau cek gak bisa tulisannya masalah terus,1,2026-08-11 11:36:51,negative,positive
semakin diupdate semakin ngk bersahabat kai acces ni ssh masuk skrg,1,2026-08-11 11:35:53,negative,negative
akhir jelek banget udah pesen tiket mau lihat enggak toh lemot banget di perbaiki kai,1,2026-08-11 11:35:29,negative,negative
server sangat lambat ramai,1,2026-08-11 11:23:05,negative,negative
aku percaya aplikasi kenapa beberapa hari susah banget di akses mohon segera diperbaiki saya sangat bergantung aplikasi hiks udah beli tiket ini tiket hasil war susah mendapatkan tiket dadakan,2,2026-08-11 11:20:47,negative,negative
mau pesan suruh antri terus menit antri jadwal kereta tersedia semua tanggal aneh sekali,2,2026-08-11 11:17:51,negative,negative
kok error sih,1,2026-08-11 11:14:08,negative,negative
kebanyakan maintenance,2,2026-08-11 11:07:06,negative,positive
lagi gangguan mau cek tiket boarding ga,4,2026-08-11 11:03:54,positive,positive
kadah susah,5,2026-08-11 11:00:15,positive,positive
gangguan aplikasi kai,1,2026-08-11 10:58:19,negative,positive
aplikasi bermasalah,1,2026-08-11 10:57:16,negative,negative
dikit dikit error padahal koneksi bagus,1,2026-08-11 10:55:33,negative,negative
aplikasi sering error waktu pesen lancar giliran udah pesen error terus,1,2026-08-11 10:51:31,negative,negative
aplikasi nya c bagus sering error mau bayar aja selalu gangguan perbaiki sistemnya lah kai,5,2026-08-11 10:51:26,positive,negative
lemooooottttt bgt gilaa cetak boarding pass awalnya kok jam kemudian mau ku screenshot kirim temen jadi ga boarding pass nya data penumpang kosong apa apaan mencoba keluar terus balik aplikasi berkali kali malah makin parah ga keluar menu tiket tulisannya terjadi kesalahan disuruh pastiin koneksi stabil luu ga stabilll,1,2026-08-11 10:49:10,negative,negative
aplikasi eror mulu suda beli tiket lunas kode lunas kirim email mau cek tiket ke aplikasi malah loding terus eror gk di buka walaupun sudah apdate sampek uninstal download,1,2026-08-11 10:48:24,negative,negative
ui lemot sering error request time out padahal kouta internet,1,2026-08-11 10:44:40,negative,negative
aplikasi sering eror,1,2026-08-11 10:43:40,negative,negative
aplikasi jelek ngelag parah,1,2026-08-11 10:43:00,negative,negative
selalu loading pas mau bayar lgs loading trs balik lg awal,1,2026-08-11 10:41:21,negative,negative
mau pesan tgl juni yg keluar tiket eksekutif keatas padahal tgl juni sebenarnya apa memang gitu ato gmn sering eror aplikasi mau pesan jadi susah,1,2026-08-11 10:37:54,negative,negative
leletttt bgt sumpaa aplikasi nya bikin kesel tiap mau beli tiket loading nya gajelassss,1,2026-08-11 10:37:25,negative,negative
mau pesen susah sekali sih astaghfirullah,2,2026-08-11 10:34:32,negative,positive
aplikasi punya pemerintah lemot sekali programer nya gk jelas aplikasi nya eror terus mau naik kereta gk cetak e boarding pas,1,2026-08-11 10:32:24,negative,negative
apa dengan aplikasinya pesan tiket nunggu dulu padahal udah urgent,4,2026-08-11 10:31:45,positive,positive
baru update terbaru cek tiket bisa aneh,1,2026-08-11 10:29:28,negative,positive
kurang in lah eror nya orang mau berangkat malah eror bikin panik,2,2026-08-11 10:29:02,negative,negative
loading makin parah di update loading terus sampe ketinggalan kreta,1,2026-08-11 10:28:47,negative,negative
pembelian tiket gagal terus lapor cs slow respon,1,2026-08-11 10:28:17,negative,negative
lemot parah waktu mau masuk suruh antri okelah wajar mungkin rame nya orang beli tiket udah ngisi data penumpang mau lanjut step selanjutnya loading lama proses ubah kursi lama banget lebih lama yang step sebelumnya kirain wifi rumah lemot eror coba pake data tetep sama udah sabar nungguin tau suruh balik awal karna kendala teknis eror,2,2026-08-11 10:20:36,negative,negative
aplikasinya sering bug kadang nggk di lihat pembelian tiketnya kadang lelet padahal sering update tetep aja nggk berfungsi,1,2026-08-11 10:16:20,negative,negative
aplikasi lemot nga jelas pesen offline nga katanya online nga pilihan banding aplikasi eror lemot,1,2026-08-11 10:14:33,negative,negative
makin kesini sistem antrian bikin ribet pencarian stasiun malah sering error gak semudah dulu vendor apk terparah yg pernah kai rugi bnyk ini,1,2026-08-11 10:12:03,negative,negative
aplikasi baru makin busuk gabisa digunakan,1,2026-08-11 10:10:17,negative,negative
sering eror,2,2026-08-11 10:05:10,negative,negative
aplikasi banyak delay koneksi server jelek banget padahal sekelas bumn bikin aplikasi kereta aja kaya gini tiba tiba aplikasi ngga liat e boarding pass jam mau naik kereta petugas mana mau tau soal kaya gitu sakit,1,2026-08-11 10:00:53,negative,negative
nyebelin sering eror ga buka tiket,1,2026-08-11 09:52:28,negative,negative
sering eror makin sering eror aneh depelover aplikasinya gak becus kali,1,2026-08-11 09:49:51,negative,negative
trouble mulu,4,2026-08-11 09:42:07,positive,negative
skrg mau pesen tiket sama liat e boarding ticket jadi lemot bgt,1,2026-08-11 09:39:06,negative,negative
sehabis update malah nda digunakan masa jadwal slalu tdak setiap mau pesen tiket,2,2026-08-11 09:38:18,negative,negative
mau pesan tiket susah bener,1,2026-08-11 09:36:27,negative,negative
bagus sih kadang suka error h jam error mohon ditingkatkan min,4,2026-08-11 09:31:23,positive,positive
makin hari makin susah mengakses aja ni apk,1,2026-08-11 09:30:00,negative,negative
gangguan y lgi,4,2026-08-11 09:26:17,positive,negative
buruk develpor,1,2026-08-11 09:23:39,negative,negative
lemot parah antriannya pusing buka tutup aplikasi,1,2026-08-11 09:20:15,negative,negative
aplikasi error lambat penangannya jauh jauh stasiun mau beli tiket langsung stasiun pembelian maksimal jam keberangkatan kebijakan macam apa,1,2026-08-11 09:17:33,negative,negative
ni aplikasi demen banget error,2,2026-08-11 08:57:29,negative,negative
jaya selalu kereta api indonesia,5,2026-08-11 08:56:18,positive,positive
aplikasi eror pagi sampe sore min,5,2026-08-11 08:54:08,positive,negative
aplikasi sangat lemot bayar tiket via qris saldo terpotong tp tiket keluar terpaksa byar dobel counter,1,2026-08-11 08:51:00,negative,negative
semakin update malah semakin jelek bukannya mempercepat malah bikin ribet payah aplikasi,1,2026-08-11 08:50:11,negative,negative
ga pesan tiket kereta lokal serang krenceng sebaliknya tertulis cannot booking more than one at same schedule route ga pesen dibilang udah pesen makin lama makin parah bintang,1,2026-08-11 08:28:06,negative,negative
kaga kaya biasanya apk nya error trus apalah,1,2026-08-11 08:22:16,negative,negative
aneh sering banget error,2,2026-08-11 08:21:41,negative,negative
makin hari bukannya makin baik malah eror terus aplikasi bumn kya sampah gini,1,2026-08-11 08:14:00,negative,negative
masuknya susah pakai nomor hp pakai email tidak bisa padahal mau berangkat besok,1,2026-08-11 08:13:28,negative,negative
error yach,2,2026-08-11 08:12:31,negative,negative
error pagi gak masuk gak beli tiket gak ngapa ngapain,1,2026-08-11 08:10:06,negative,negative
di update malah lemot,1,2026-08-11 08:06:52,negative,negative
maintenance mulu liat jdwal kereta aja ga nampak disuruh nunggu lama ga jdwalnya katanya error,2,2026-08-11 08:05:49,negative,negative
update antrian mau lihat jadwal lama sekali beli tiket online antri lagu lama di perbarui,1,2026-08-11 07:57:05,negative,negative
perbaikin sistem aplikasinya dikit server down,1,2026-08-11 07:48:23,negative,negative
diperbarui malah lemot jadinya gak kayak dulu,1,2026-08-11 07:41:56,negative,negative
access by kai knpa error gag bisa pesan tiket,4,2026-08-11 07:39:31,positive,negative
aplikasi sekrang sangat lah lemot pemesanan dilakukan beberapa kali intinya lemot pollll,1,2026-08-11 07:33:33,negative,positive
update banyak system sering error,2,2026-08-11 07:31:36,negative,negative
gobluokkkk,1,2026-08-11 07:25:36,negative,positive
buatan anak bangsa gagal kebanyakan dikorupsi,1,2026-08-11 07:25:16,negative,positive
pengembangan aplikasi access kau jelek sekali harus ruang tunggu berlama lama konsumen mencari daftar perjalanan coba belajar mengenai pengembangan aplikasi shopee,1,2026-08-11 07:12:09,negative,negative
kok sering eror yaa min,1,2026-08-11 07:10:59,negative,positive
servernya noh benerin dulu bikin orang rugi aja gabisa pulang,1,2026-08-11 07:07:22,negative,negative
aplikasi sering error lemot banget udah top up saldo malah suruh aktifasi giliran aktifasi malah error mau pesen tiket cepat malah lemot lemot parahhh,1,2026-08-11 07:01:10,negative,negative
developer dr seminggu yg lalu mau beli tiket mesti masukkan ulang nik yg kesimpan ga dibuka mana ga,5,2026-08-11 06:54:31,positive,negative
di update aplikasinya jd ga memuaskan jadwal ny ga muncul muncul lelet,2,2026-08-11 06:46:02,negative,negative
gajelas seharian apk gabisa buat mesen cuma tulisan sedang antrian tulisannya menit ditungguin satu jam ga muncul pemesanan nya,2,2026-08-11 06:43:38,negative,negative
masak mau edit data ga akhirnya ga ambil uang refund apk ajg ga jelas,1,2026-08-11 06:42:10,negative,negative
mau pesan tpi eror trus dripagi,5,2026-08-11 06:37:02,positive,negative
erorrr tgl ags buang buang tikett beli offlinee,1,2026-08-11 06:34:22,negative,negative
makin sini aplikasi makin eror update sering makin eror cepat diperbaiki sistemnya masif,1,2026-08-11 06:32:49,negative,negative
udah pesan tiket lelet banget gak muncul muncul boarding nya malah eror udah aku coba hapus terus instal tetap eror,1,2026-08-11 06:31:10,negative,negative
perbaiki sistem aplikasi kai gak banyak komplen perbaikan jadwal pemberangkatan banyak di daily,1,2026-08-11 06:29:03,negative,negative
aplikasi pemerintah umumnya banyak kendala dibutuhin urgent eror penyelesaian kendala lama,2,2026-08-11 06:28:55,negative,negative
kok sekarang aplikasinya jadi kaya gini yah loadingnya lama banget jadi salah pesen tiket kereta karna buru takut eror lebih bagus yg bulan lalu gada istilah loading eror antrean lain,1,2026-08-11 06:18:51,negative,positive
sering nge bug,1,2026-08-11 06:14:17,negative,positive
apk jelas h min berapa jam malah bisa kebuka buat lihat tiket yg dibeli,1,2026-08-11 06:13:50,negative,negative
aplikasi nya bagus sayang pelayanan komunikasi ada kendala sangat buruk terlalu lama merespon,1,2026-08-11 06:12:40,negative,positive
server down terus udah beli tiket padahal,1,2026-08-11 06:11:39,negative,negative
jadi susah banget dibukanya loading terus padahal ibternet lancar buka yg nonton streaming bisa tapi buka kai access gabisa dulu dulu lancar semenjak update jadi jelek gini,1,2026-08-11 06:08:26,negative,negative
selamat siang kai mohon maaf mau menanyakan sekarang mau lihat jadwal kreta nunggu antrian kai access terus terang sangat menggangu sekali mohon kiranya pihak pt kai mau mendengarkan saran terima kasih,5,2026-08-11 06:08:02,positive,positive
kai acces update malah ribet mau cek jadwal n lihat kereta menunggunya smpai menit apaan bnar bagian teknologinya di perbaiki dehhh kacau kl bgtu seperti yg kmrn mau cek jadwal n rute bermasalah masukan kritis kai lebih baik terimakasih,1,2026-08-11 06:07:47,negative,negative
sering eror ga jelasss,1,2026-08-11 06:07:12,negative,negative
sering eror ih ga like,1,2026-08-11 05:56:53,negative,negative
sering gangguan,1,2026-08-11 05:56:19,negative,negative
banget,5,2026-08-11 05:51:15,positive,positive
kok sering banget erorr,1,2026-08-11 05:51:05,negative,positive
aplikasi nya jadi jelek kebanyakan loading kurang bagus,1,2026-08-11 05:51:04,negative,negative
loading mulu gabisa cek e boarding sampe ketinggalan kreta diperbaiki,2,2026-08-11 05:48:40,negative,negative
woyyyy aplikasi erroooor mulu,1,2026-08-11 05:48:00,negative,negative
kai access down hari ini saya jadwa kereta untuk buka e tiket yg dipesan bisa bisa check in menggunakan nik mohon bantuannya yach,4,2026-08-11 05:47:36,positive,negative
sumpahhhhh makin kesini makin sering eror muli apk nya lama loading nya jadi lebih mending pesen pake traveloka aja lahhhh,2,2026-08-11 05:41:04,negative,negative
aplikasi sering eror,2,2026-08-11 05:39:42,negative,negative
ribet banget,1,2026-08-11 05:38:26,negative,negative
eror trus loding lama mau bayar gabisa udah diulangi tetep sama,1,2026-08-11 05:32:52,negative,negative
apa an ai aplikasi nya ga jelas minggu lalu beli tiket pas hri mau ss ga keluar sama skli tiba hilang lah diperbaiki updte trs apk nya tp makin susah dibuka nya dn sering loading trs,1,2026-08-11 05:20:45,negative,negative
apk kai main kesini gangguan mulu kocakkk mau beli tiket kereta lgi buru malah gabisa alhasil ketinggalan kereta najis bgt,1,2026-08-11 05:20:40,negative,negative
jelek banget aplikasinya gangguan terus,1,2026-08-11 05:20:37,negative,negative
diupdate malah sering ngebug riwayat pembelian ga keakses perbaiki,2,2026-08-11 05:20:23,negative,negative
sistem sangat lemot,2,2026-08-11 05:16:14,negative,negative
sinyal udah bagus knapa muter terus woiii kai benerin aplikasinya,1,2026-08-11 05:14:02,negative,positive
hari tgl agustus bisa cek tiket perjalanan,1,2026-08-11 05:11:13,negative,positive
makin sini makin enak d pakai nya skrng mau pesen d cari stasiun pemberangkatan nya bisa d cari haduuhhh parah update,2,2026-08-11 05:08:01,negative,negative
susah masuk,1,2026-08-11 05:03:31,negative,negative
banyak bug nya sering ga bayar tiket aplikasi saya re install tetep ga ngaruh jaringan udah gunta ganti pake wifi data seluler ga ngaruh,2,2026-08-11 04:54:41,negative,negative
menunggu terus,2,2026-08-11 04:54:04,negative,negative
kelainan hari maintenance ntah apa di mt kan waiting line nya ga akurat hampir bug mulu tiap cari train,1,2026-08-11 04:54:00,negative,negative
kadang ga buka tiket,1,2026-08-11 04:52:44,negative,negative
lemot aplikasi masak tiket gak di akses terus nama stasiun jg gk di akses,1,2026-08-11 04:52:13,negative,negative
oke,4,2026-08-11 04:37:00,positive,positive
perbaiki di tingkatkanlagi dong performa nya sebagai penumpang pembelian tiket di apk kadang suka nunggu lama ga cepet di perbaiki tks,1,2026-08-11 04:34:30,negative,negative
apk tiba gak dipake hp sy download ulang jga ga katanya perangkat tidak komletibel dgn versi maksud nya apa sih sy udah beli tiket tgl agt padalarang pangandaran gimana jadinya,5,2026-08-11 04:31:15,positive,negative
aplikasinya jdi aneh nyari lokasi keberangkatan ga semua hadeeeh bikin kecewa,2,2026-08-11 04:30:37,negative,negative
aplikasi resmi gak lemot giliran cek jadwal kereta beli aplikasi tersedia resmi malah lambat,1,2026-08-11 04:26:06,negative,negative
di perbaharui bukan nya tambah bagus malah tambah loding maaf bintang,1,2026-08-11 04:17:04,negative,positive
lama lama lemot ni aplikasi nya udah lemot kadang malah ga,1,2026-08-11 04:11:09,negative,negative
log in searcing lemot bnget uda beli tiket malah gagal masuk terus diperbaiki donk dlu ga gini deh,1,2026-08-11 04:03:31,negative,negative
gk pulang aplikasi error,1,2026-08-11 03:56:20,negative,negative
jadi telat pulang aplikasinya suka erorr padahal jaringan bagus segera diperbaiki secepatnya terimakasih,2,2026-08-11 03:47:26,negative,positive
mau pesan tiket aplikasi suruh update sudah update malah gabisa pake gimana sii susah banget kan repot jadinya kalo kaya gini kalo orang yg keperluan dadakan harus war tiket h,2,2026-08-11 03:46:55,negative,negative
ini perbaiki tiap kali mau pesen tiket loadingnya lama bgt updet gini mulu semoga makin permudah,5,2026-08-11 03:41:47,positive,negative
diperbarui malah jelek pencarian ngg mau ngecek jadwal harus antri aplikasi mohon pihak kai aplikasinya diperbagus karena lebih bagus pembaruan,2,2026-08-11 03:30:29,negative,negative
dulu apps nya memuaskan sekarang udah eror mau cek tiket aja lelet terkadang ngak,2,2026-08-11 03:29:40,negative,positive
errornya jangan keseringan,2,2026-08-11 03:29:20,negative,negative
ngeleeeeeegggggggggggg gua ampe kehabisan tiket ngelaggggg muluuuuuuuuuuuuu,1,2026-08-11 03:28:44,negative,negative
masa error mulu dah,1,2026-08-11 03:26:16,negative,negative
lemotttttt,1,2026-08-11 03:25:42,negative,positive
suka ngelek kalo mau mesen,1,2026-08-11 03:22:54,negative,positive
aplikasi eror teros balikin versi lama gausah banyak pembaruan kalo ga becus ngurusin developer nyusahin kalo ga niat bantu mending hapus aja aplikasinya ga usah e ticket rute ga muncul jadwal ga muncul terus faedahnya apa coba ngasih ulasan negatif bintang kenapa suara rakyat dibungkam developer kai access dejavu,1,2026-08-11 03:21:44,negative,negative
aplikasi banyak bug internet lancar cari jadwal gabisa pokoknya aplikasinya jelek bangettt,1,2026-08-11 03:19:04,negative,negative
eror mulu pagi,2,2026-08-11 03:18:23,negative,negative
harus antrian pembelian tiket kereta sangat lama,1,2026-08-11 03:15:11,negative,negative
lemot,1,2026-08-11 03:14:44,negative,negative
semenjak update bug buat pembayaran ga keluar,1,2026-08-11 02:53:03,negative,negative
habis update malah ampas mau beli tiket kok suruh nunggu menit dulu buat antri beli,1,2026-08-11 02:47:13,negative,negative
lemot banget yaampun pdhl udah update sekarang mau buka aplikasi buat lihat tiket sudah dibeli gak gmn nih woi aku mau berangkat,1,2026-08-11 02:44:11,negative,negative
sekarang kebijakannya terlalu berlebihan jadwal kereta waktu menit udah berangkat duluan padahal baru mau masuk pemeriksaan tiket bagian refund gabisa tertera kalimat apabila pesan tiket orang atau nama berbeda bisa aplikasi tertera kalimat tersebut tertera google bagian mau refund costumer service nya nama rekeningnya malfungsi kesalahan sistem bank tidak ada spasi aja permasalahkan jadi gabisa,1,2026-08-11 02:35:01,negative,negative
mau beli tiket susahnya minta ampun mau cari kereta dulu nunggu menit lalu isi penumpang tinggal klik lanjutkan error terus proses berputar terus time out gk tiket cukup kecewa dgn kejadian beli tiket luar kai sama dipesan dapat lalu hari h tiba dapat notif tiket dibatalkan duitnya refund saldo aplikasi bukan qris dana mengirim,2,2026-08-11 02:23:58,negative,negative
sisyemnya after d update jelek memperlambat waktu nunggu antrean bbrpa menit udh d tahap isi data penumpang loading lama padahal sinyal lancar loading lama malah balik tahap awal kek gua udh nunggu lama kaya gitu ga suka apk kai kali,1,2026-08-11 02:19:40,negative,negative
payah mau cek jadwal harus nunggu menit gabut,1,2026-08-11 02:16:02,negative,negative
lemot sering error mau pilih tiket pembayaran,1,2026-08-11 02:12:27,negative,negative
udah update malah jadi kacau,1,2026-08-11 01:59:26,negative,negative
cari tiket susah sekali munculnya server sedang ramai terus nunggu menit eh pas udah menit balik menit yg bener aja pak,1,2026-08-11 01:54:28,negative,negative
error coba cek tiket pesanan hari blm,4,2026-08-11 01:54:17,positive,negative
sengaja kasih bintang biar muncul diatas app sekarang banyak masalah jadwal kereta ngga muncul kecewa,5,2026-08-11 01:48:21,positive,negative
aplikasi sering update bukannya tambah baik lancar simpel tp tambah ruwet tambah sering error nge bug kebanyakan fitur yg bukan core sebuah jualan tiket kereta online mgkin klo gak bikin update aplikasi yg malah bikin rusak aplikasi tim programmer aplikasi gak kerjaan kali,1,2026-08-11 01:47:49,negative,negative
banyak masalah,1,2026-08-11 01:47:10,negative,negative
sistem server down mulu,1,2026-08-11 01:40:00,negative,negative
eror tiket udh d beli ga d buka,1,2026-08-11 01:37:24,negative,negative
update aplikasi jadi sangat lemot ga digunakan book tiket mantap sekali update bukannya makin bagus malah makin buruk,1,2026-08-11 01:34:47,negative,positive
mengalami ganguan jaringan sudah membayar di lihat tiket masuk malah jaringan tidak ada padahal jaringan kencang,1,2026-08-11 01:10:03,negative,negative
lemot,1,2026-08-11 01:09:27,negative,negative
sering terjadi error,4,2026-08-11 01:05:39,positive,negative
tiba tiba error ga lihat boarding pass,1,2026-08-11 01:00:45,negative,negative
error terus bagian pembayaran menu melihat tiket,1,2026-08-11 00:44:07,negative,negative
update plh error buka jadwal bln kedepan gk payah,1,2026-08-11 00:42:49,negative,negative
aplikasi eror mau pilih jadwal gak bisa bikin kesel diperbaiki,1,2026-08-11 00:42:09,negative,negative
gangguan terus padahal sinyal bagus,1,2026-08-11 00:41:49,negative,positive
aplikasi error,2,2026-08-11 00:40:59,negative,negative
aplikasi asuuuu banyak masalah ga worthit,1,2026-08-11 00:30:58,negative,negative
aplikasi lelet sulit diakses,1,2026-08-11 00:26:38,negative,negative
cape bgt pake aplikasi kai versi baru malah susah loadingnya luamaaaa bgt ujung nya error katanya gaada jadwal diantara banyaknya kelas masa gaada satupun padahal pilih jadwal jauh hari ga masuk akal,1,2026-08-11 00:24:10,negative,negative
dibutuhin bgt malah error gabisa bayar gajelas,1,2026-08-11 00:18:05,negative,negative
pas searching cari jadwal kereta loading nya lama ga biasa nya padahal jaringan bagus perbaiki dong sistem aplikasi nya,1,2026-08-11 00:12:33,negative,negative
pas masuk bayar tiket layarnya putih semua beginilah negri konoha klo bikin aplikasi gak disebelah gak disini sama kacaunya,1,2026-08-11 00:11:43,negative,negative
banyak update makin buruk,1,2026-08-11 00:05:41,negative,negative
aplikasi sampah pesan tiket komuter ada keterangan lebih lanjut bagaimana padahal jaringan bagus alhasil terlambat bekerja,1,2026-08-11 00:04:16,negative,positive
server jelek down mulu,1,2026-08-11 00:00:44,negative,negative
sangat mudah dlm pemesanan tiket kai,5,2026-08-10 23:09:56,positive,positive
aplikasi sampah pesan tiket eroor tiap hari,1,2026-08-10 17:55:11,negative,negative
dear tim access kasih fitur flag kalau belum pilih no kursi kasih peringatan melakukan pembayaran biar keluarga cemara tercinta ribut karena perkara sepele lupa isi no kursi batal kemudian pilih ulang no tiket terima kasih banyak,4,2026-08-10 15:09:35,positive,positive
sangat keren memudahkan,5,2026-08-10 13:14:31,positive,positive
lebih mudah cepat,5,2026-08-10 12:46:56,positive,positive
bagus,5,2026-08-10 10:22:27,positive,positive
udah lakukan pembatalan tiket udah masukin kode benar masih ga gimana maksudnya diperbaiki gw kasih bintang karna biar lihat pengembalian dananya gimana tanggung jawabnya,5,2026-08-10 09:49:00,positive,negative
bagus,5,2026-08-10 08:37:45,positive,positive
login nya susah,2,2026-08-10 08:28:35,negative,negative
cara mudah beli tiket kereta,5,2026-08-10 07:54:35,positive,positive
mantap,5,2026-08-10 07:41:12,positive,positive
bagus,5,2026-08-10 07:10:56,positive,positive
baik,5,2026-08-10 07:10:45,positive,positive
baik,4,2026-08-10 06:19:23,positive,positive
proses apapun mudah cepat bravo kai,5,2026-08-10 05:49:56,positive,positive
pelayanan maksimal,5,2026-08-10 03:07:47,positive,positive
min eror ni mau beli tiket gak eror gak jadwal ny,5,2026-08-10 02:27:20,positive,negative
praktis,5,2026-08-10 01:53:50,positive,positive
aplikasi kompatibel,2,2026-08-10 00:49:03,negative,positive
jadwal k arah cikarang terlalu mepet kereta lokal,2,2026-08-10 00:33:54,negative,negative
skarang gmpng erorrrr buat cri tiket sush sering gk muncul hrus kluar dulu ribet,2,2026-08-10 00:20:16,negative,negative
cuma ya buka kadang ditangguhkan,5,2026-08-10 00:00:10,positive,positive
sangat membantu mudah,5,2026-08-09 18:31:04,positive,positive
jujur aku suka sama aplikasi kenapa untuk jadwal rute lampung palembang begitupun sebaliknya tiket selalu ga entah eror habis apa saya cek aplikasi masih tiket nya perbaiki min ini sangat menghambat sekali terimakasih trus pas bagian isi data penumpang mau pilih kursi eror trus plis lah di perbaiki lo aku kesel bgt udah begadang smpe jam malah eror kayak gini gak berguna bgt,1,2026-08-09 17:29:33,negative,negative
aplikasi gajelas gampang error server down mulu abis down tiba tiket abis,1,2026-08-09 17:10:02,negative,negative
keren,5,2026-08-09 17:02:17,positive,positive
aplikasinya akhir agak aneh pilih kursi sendiri pilihan tsb ganti tiba pilihan otomatis sistem awal kursi tsb berubah saya sdh masuk pilihan menu bayar ketika saya bayar kursi sesuai dg yg saya pilih sendiri awal jadi menimbulkan kekawatiran apabila membeli lbh sattu kursi takutnya bisa berjejer yg dipilih diperbaiki,1,2026-08-09 14:14:22,negative,positive
good job,4,2026-08-09 14:08:52,positive,positive
terima kasih beli tiket jadi mudah,5,2026-08-09 13:52:17,positive,positive
bagus,5,2026-08-09 11:17:18,positive,positive
oke lah sangat membantu,5,2026-08-09 11:05:36,positive,positive
josss,5,2026-08-09 10:23:02,positive,positive
kai access tuh ga dalam perawatan klw mau jam malam gw mo download tiket malah ga,1,2026-08-09 10:00:18,negative,negative
sll nyaman dg kai,5,2026-08-09 09:23:44,positive,positive
bagus,5,2026-08-09 07:08:01,positive,positive
rudettt dikit dikit update dikit dikit update,2,2026-08-09 06:36:22,negative,negative
access by kai maksimalkan kualitas keamanan privasi tingkat nasional rancang informasi akurat real time on time jam disetiap jadwal keberatan kedatangan kereta api kai,5,2026-08-09 06:13:39,positive,positive
woe eror,1,2026-08-09 04:59:41,negative,negative
baik,5,2026-08-09 04:50:50,positive,positive
mantap,5,2026-08-09 01:16:05,positive,positive
tepat waktu cukup bersih,5,2026-08-08 23:30:22,positive,positive
ribet bisa,5,2026-08-08 19:38:33,positive,negative
aplikasi ampas lemot banyak bug error code ditampilkan production bertahun tahun gadibenerin ngapain aja,1,2026-08-08 17:23:38,negative,negative
berhasil tf keterangan tiket menyelesaikan pembayaran kali bgini,2,2026-08-08 17:20:59,negative,negative
suka banget adanya aplikasi memudahkan pengguna serba interaktif,5,2026-08-08 17:00:01,positive,positive
masa iya naik kereta udah bayar tidak kebagian kursi,1,2026-08-08 16:42:06,negative,positive
pesan tiket semua tiket habis terus mau tanggal berapa apk gak jelas,1,2026-08-08 16:21:46,negative,negative
keep it up,5,2026-08-08 14:59:49,positive,negative
baik,5,2026-08-08 14:49:09,positive,positive
baik,4,2026-08-08 13:37:26,positive,positive
makin kece,5,2026-08-08 13:33:37,positive,positive
mantap pelayanan ramah baik,5,2026-08-08 12:48:50,positive,positive
bagus dipertahankan,5,2026-08-08 12:26:01,positive,positive
kai is the best,5,2026-08-08 12:21:16,positive,positive
pelayanannya bagus kai pokoknya mantap dah,5,2026-08-08 11:28:26,positive,positive
good,5,2026-08-08 10:23:50,positive,positive
nyaman baik bersih,5,2026-08-08 09:42:34,positive,positive
,5,2026-08-08 09:22:42,positive,positive
permudah cara claim asuransi refund kai acces tanpa di aplikasi lama cairnya janjinya hari kerja lebih hedeuh repot,1,2026-08-08 09:12:31,negative,negative
busuk,1,2026-08-08 08:16:34,negative,negative
kok pertama pas mau register tiba tiba gak terus ktnya mau kasih nomer verifikasi pas diverifikasi gak samsel nomornya gak keluar hubungi nomor bantuan pas terakhir mau register tiba tiba gak dan diblokir tunggu satu jam baru register lg dah ditunggu satu jam buat register malahan pas buat kata sandi kok katanya salah pas pertama buat kata sandi sampai sekarang gak pdhal mau beli tiket online gak register akhirnya gak jadi,1,2026-08-08 08:07:39,negative,negative
mantap,5,2026-08-08 08:07:24,positive,positive
bagus cepat istrht,5,2026-08-08 07:50:20,positive,positive
baik banget aku salah naik kereta dibantu buat balik petugasnya ramah banget ganyangka sebaik,5,2026-08-08 07:33:39,positive,positive
sangat bagus,5,2026-08-08 07:28:10,positive,positive
pemesanan tiket menjadi lebih mudah mudah memilih jadwal tepat sesuai kebutuhan,5,2026-08-08 07:16:31,positive,positive
mantap,5,2026-08-08 06:24:34,positive,positive
sangat luarbiassaaa,5,2026-08-08 06:15:51,positive,positive
bagus,4,2026-08-08 05:15:14,positive,positive
mantap mempermudah pemesanan,5,2026-08-08 04:05:44,positive,positive
good jobs,5,2026-08-08 03:53:10,positive,positive
bagusss,4,2026-08-08 03:49:55,positive,positive
goodjob,5,2026-08-08 02:58:38,positive,positive
sering logout gajelas masuknya susah,1,2026-08-08 02:05:56,negative,negative
mantab polll,5,2026-08-08 00:34:28,positive,positive
kesempurnaan milik allah swt,4,2026-08-07 23:33:07,positive,positive
lemot kebiasaan,1,2026-08-07 22:48:44,negative,negative
lebih kembangkan pelayanan nya keren n mantap,5,2026-08-07 22:17:09,positive,positive
overall bagus cuma ga suka waktu mau input penumpang pas keluar keyboard nya beuh animasi keyboard nya bikin lemot parah entah device ane apa bukan yg jelas bikin hunting jadi ga tenang btw device ane redmi note g,2,2026-08-07 17:28:25,negative,positive
pas mau checkout bayar tiket gagal terus,1,2026-08-07 17:04:53,negative,negative
aplikasi sangat buruk jelek dibuka mau cari jadwal kereta banyubiru jam pagi dibuka log out masuk udah hilang tinggal jadwal malam jam mau ganti nama sudah,1,2026-08-07 14:56:58,negative,negative
banyak bug kereta tidak mau muncul tidak booking tiket padahal sebelumnya,1,2026-08-07 13:23:56,negative,negative
sangat bagus,5,2026-08-07 12:18:33,positive,positive
oke banget layanannya kendala langsung terselesaikan thqnks kai,5,2026-08-07 12:04:17,positive,positive
mantap,5,2026-08-07 11:44:34,positive,positive
good,5,2026-08-07 09:53:28,positive,positive
sangat baik,5,2026-08-07 09:49:23,positive,positive
pelayanan sangat baik,5,2026-08-07 09:34:24,positive,positive
topup kok jd cuma kaspro yg gaje regis aja ga minta otp ulang langsung eror ngapain sih malah jd bego gini,1,2026-08-07 09:29:12,negative,negative
mantul,5,2026-08-07 08:59:07,positive,positive
sorry banget nih pendaftaran akun id number ktp gabisa dipake berulang kali x aja sekarang jadi susah buat ganti id number akun yg ga kepake di benahi biar leluasa,5,2026-08-07 07:53:58,positive,negative
pelayanan cepat praktis,5,2026-08-07 07:16:54,positive,positive
lemot kali servernya,2,2026-08-07 06:36:46,negative,negative
bukan mempermudah memperparah keadaan aplikasi dibuat memudahkan bukan gawe ribet ana antrian segala hapus aja playstore ngantri lama alhasil zonk mendelik mata bagus aplikasi kemarin sekarang antrian membuat orang bosan fitur semua stasiun buka programmernya parah,5,2026-08-07 05:14:08,positive,negative
dulu status tersedia kursi pilih kursi sekarang update malah gak pilih kursi kursi dipilihkan sistem tidak bisa diubah kemunduran update,1,2026-08-07 04:31:19,negative,negative
sangat bagus,5,2026-08-07 04:08:09,positive,positive
good,5,2026-08-07 04:08:09,positive,positive
susah membuat akun nknor telepon selalu dinyatakan salah bisa dinyatakan salah sandi diminta buat baru tetap dinyatakan salaj blok satu jam gimana cuy,1,2026-08-07 04:03:59,negative,negative
keren,5,2026-08-07 03:47:20,positive,positive
jangan pilih pilih penumpanglah mau pesan tiket kereta katanya nama sudah memesan jelas ada saya memesan tiket kereta tungguin menit seperti endingnya pas udah jam baru mau pesen tiket udah ambil orang semua permainan sistemnya bener bener ga adil,1,2026-08-07 03:31:10,negative,negative
sangat mudah digunakan sangat membantu beli tiket rumah,5,2026-08-07 02:35:57,positive,positive
halo kai minta ini mau masuk aplikasi ndak alasannya sedang gangguan padahal aku masuk via web jadi keganggu mau tunjukin tiket petugas mohon bantuannya min,5,2026-08-07 02:31:07,positive,positive
busuk banget aplikasi lama prosesnya,4,2026-08-07 01:57:44,positive,negative
aplikasi sangat membantu pembelian tiket kereta api,5,2026-08-07 01:22:51,positive,positive
mau daftar member basic kok bikin capek om tiap kali mau liat kode otp bahkan melalui notifikasi aja malah beranda waktu balik mau isi otp,1,2026-08-07 00:30:05,negative,negative
susah banget jadi member basic katanya salah email udah dibenerin katanya nomor telepon udah digunakan jadi mana baiknya aplikasi ribett,1,2026-08-07 00:14:03,negative,negative
praktis mudah,5,2026-08-07 00:01:06,positive,positive
maaf update ka lokal jatim pilih kursi tidak update harusnya lebih baik kok malah kemunduran,2,2026-08-06 23:30:41,negative,positive
keren,5,2026-08-06 23:11:59,positive,positive
diperbarui sat pembelian tiket eror pembayaran ngebug,4,2026-08-06 22:48:57,positive,negative
jadwal mepet gak jelas,2,2026-08-06 21:54:36,negative,negative
kai udh bayar tiket metode qris udh lunas ko pesanan ga masuk sampe waktu habis malah jadi dibatalin sama aplikasi nya ini mau konsul fitur cs yg jawab cuma bot gabisa ngasih solusi,1,2026-08-06 20:43:33,negative,negative
diupdate malah sering error utk cek jadwal kereta tidak,1,2026-08-06 19:15:06,negative,negative
di perbaiki sistem nya sore error terus beli tiket langsung antri lama ketinggalan kereta,1,2026-08-06 17:59:40,negative,negative
cek jadwal kereta antar kota lokal slalu load lama ga muncul jadwal keberangkatan udah hampir minggu kaya gini nyoba device tmn sm aja biasanya klo perbaikan info ga knp si,1,2026-08-06 17:46:52,negative,negative
intensitas galat mau pesen kereta meningkatkan signifikan beberapa waktu belakang segera diperbaiki,2,2026-08-06 17:42:25,negative,positive
lemott bgt servernya kai padahal buka apk lancar jaya kalo emang jaringan hp kenapa buka apk lancar jaya udah jelas server kai nya lemottt,1,2026-08-06 17:41:52,negative,negative
aplikasi setiap update kok semakin berat dioptimalisasi aplikasi hapus fitur nggak kayak pop up pas awal buka aplikasi tu pop up ganggu banget kocak fokus aja fitur utamanya jangan buat buat fitur baru nggak penting,1,2026-08-06 17:29:58,negative,negative
masih banyak orang mengeluhkan aplikasinya error tetep ngasih bintang heran liat ratingnya gak sebanding sama kinerja aplikasinya kualitas aplikasi kayak gini udah paling bener,1,2026-08-06 17:29:14,negative,negative
kalo udah war tiket lemot banget ga jelas kebanyakan loadingnya sering eror tiba,1,2026-08-06 17:26:10,negative,negative
eror terus eror terus,1,2026-08-06 17:19:57,negative,negative
ngelag terus waktu war tiket,1,2026-08-06 17:17:38,negative,positive
aplikasi sering down kalau pembelian tiket jam jam ramai,2,2026-08-06 17:17:22,negative,negative
install login lama banget bahkan susah searching gagal terus ditunggu malam hari sama aja nyari tiket kai biar lebih murah ketimbang ecommerce non kai malah ga dipake sama sekali sekedar ngecek e tiket aja muter lama apa kena imbas efisiensi mbg ya nih kai sampe servernya anjlok mending aplikasi lama simpel ketimbang banyak terobosan ruwet bikin emosi,1,2026-08-06 17:16:31,negative,negative
tinggal pembayaran lemot minta ampun,1,2026-08-06 17:13:35,negative,negative
susah mesannya selalu error,1,2026-08-06 17:07:24,negative,negative
please bug aplikasi dibenarin pnayaran doang show qris bisa,1,2026-08-06 17:05:40,negative,negative
please mau pesen tiket aja loading kadang muncul kadang ga muncul pilihan tiketnya,1,2026-08-06 17:05:09,negative,negative
baik sering kendala pas mau cetak tiket kolom tiket di dalem app selalu mengalami gangguan terjadi kesalahan,4,2026-08-06 16:54:01,positive,negative
heran gw udah beli tiket nyaa eh pas cek tiket malah error mulu udah gitu saat pemesanan sinyal udah bagus di apk lemot bgt,1,2026-08-06 16:50:54,negative,negative
tgl agustus jam mau beli tiket aplikasi slow respon smpai sya coba uninstal instal tetap kesulitan betli tiket menyebalkan,1,2026-08-06 16:49:03,negative,negative
sangat membantu sekali,5,2026-08-06 16:43:03,positive,positive
masa iya sekelas apk kai servernya sekacau semuanya lemot selalu banyak loading hal emang ga loading lama loading ditunggu hasilnya nihil endingnya eror harus keluar masuk apk lagii ayoo lahh diperbaiki servernya masa jelek ginii apk dipake banyak orang banyak orang bergantung apk kalau mau keluar kota loh semoga cepat perbaiki,1,2026-08-06 16:39:57,negative,negative
aplikasi apaan tetep lemottt serverrr,1,2026-08-06 16:36:43,negative,negative
aplikasi sepertinya semakin jelek cari kereta madiun kiaracondong madiun bandung masa tersedia kalo habis wajar semakin berharap kreta swasta menjadi pesaing,2,2026-08-06 16:31:16,negative,negative
error terusssssss bapuk,1,2026-08-06 16:29:18,negative,negative
setelah update harusnya lebih baik koo malah lebih banyak loading sistem nya di benerin dong,1,2026-08-06 16:16:47,negative,negative
aplikasi busuk update malah busuk,1,2026-08-06 16:01:56,negative,negative
sumpah nih susah banget buat pembatalan tiket lamaa banget jujur cuma tinggal masukin data bank nya gaa bisa loading berjam jam hadehh,1,2026-08-06 15:44:43,negative,positive
apk busuuk,1,2026-08-06 15:41:53,negative,negative
apk lemot sering bug,1,2026-08-06 15:41:37,negative,negative
barusan upgrade kok ga bagus seh perfoma nya tambah lemot,1,2026-08-06 15:29:02,negative,negative
biasanya kalo perbaikan pemberitahuannya kok ga sih,1,2026-08-06 15:27:08,negative,negative
eror terus sy jd kejebak pulang mau pesen tiket tdk bisa,1,2026-08-06 15:13:06,negative,negative
kai dari kemarin kok kamu lemot banget,4,2026-08-06 15:11:55,positive,positive
kebiasaan maintenance ga muncul tiket boarding,1,2026-08-06 15:04:20,negative,negative
tidak tersambung ke gojek kok cuma grab,5,2026-08-06 15:02:12,positive,positive
barusan diupdate tp wktu cek jadwal kereta smrg jkrta malah loading lama hasilnya jadwal kereta tdk tersedia ak coba cek jadwal kereta yg hasilnya sama,2,2026-08-06 15:01:42,negative,negative
susah banget access sedang gangguan terus itu uograde malah gak pesan tiket kereta lokal aneeehhhh,1,2026-08-06 14:58:56,negative,negative
gaje banget pake sistem antrian gk real time udah gak masuk masuk kacau apk,1,2026-08-06 14:57:47,negative,negative
update kok malah lemot sekarang masuk antrean dulu bahkan sekedar mau lihat jadwal kereta tetap harus nunggu antrean ujung nya ada jadwal dikira semua yg buka kai access mau beli tiket sepertinya bukannya praktis malah kemunduran,2,2026-08-06 14:55:49,negative,negative
kamu mau cek tiket siap emosi tiap mau buka aplikasi depan loket kai lemotnya sungguh luar biasa saran sc dulu jauh jauh hari,1,2026-08-06 14:55:13,negative,positive
after update lelet banget bahkan pas mau pilih kursi selalu eror diulang tetep sama kenapa bukanya mempermudah pemesanan tiket malah jadi sulit,1,2026-08-06 14:54:51,negative,positive
semakin hari semakin sangat buruk,1,2026-08-06 14:54:10,negative,positive
kebiasaan hri besar sering ngantri lah jgn biarkan dimonopoli pihak,5,2026-08-06 14:52:52,positive,positive
sumpahh aplikasi bikin emosi ko aplikasi sekelas kai sering ngebug lah dibenerin uyyy bikin aplikasi engga sihhh sini udh bayar kok masa ngga riwayat transaksii,1,2026-08-06 14:46:26,negative,positive
kan aneh traveloka masih yg tersedia access kai sama sekali gak nongol,2,2026-08-06 14:43:47,negative,negative
kebanyakan eror pdhl jaringan stabil mudah an up selanjutnya lebih stabil,5,2026-08-06 14:42:53,positive,negative
lebih cocok aplikasi lama habis diupdate loading cari kereta terlalu lama gak muncul mungkin keburu batrey habis,2,2026-08-06 14:39:01,negative,negative
niat jualan tiket engga puyeng nunggu loding nya ga malah bikin susah bukan mempermudah,1,2026-08-06 14:37:46,negative,positive
aplikasi kadang eror mau beli tiket krl susah bngt nampilin harga,2,2026-08-06 14:34:52,negative,negative
aplikasi baru update malah jadi lemot bisa pesan diperbaiki pt kai terima kasih,1,2026-08-06 14:21:08,negative,positive
error mulu,1,2026-08-06 14:17:25,negative,negative
lemot buka aplikasinya buka menu pesan loooodiing lama banget,4,2026-08-06 14:15:31,positive,negative
habis upgrade aplikasi malah gak pesen tiketnya time out terus padahal baru mau simpan data penumpang seperti,1,2026-08-06 14:09:52,negative,negative
aplikasinya sekarang semenjak update kaya celek,1,2026-08-06 13:49:33,negative,negative
aplikasi sampah tambah kesini tambah susah aja buat pesen tiketnya,1,2026-08-06 13:26:31,negative,negative
semakin buruk mau cari tiket ada antrian aplikasi ber menit lemot lama buang waktu,1,2026-08-06 13:24:04,negative,negative
makin parah aplikasi jadwal tiket semua tgl tersedia selalu padat mau pesan tiket terlalu lama menunggu hubungi kontak melalui whatsapp menunggu terlalu lama,1,2026-08-06 13:21:03,negative,negative
aplikasi eror seksi habis suka nge bug suka trouble,1,2026-08-06 13:09:50,negative,positive
mantap,5,2026-08-06 13:07:10,positive,positive
kecewa banget pencarian kereta antri menit aku tunggu ternyata lebih menit aku kira internetku lemot ternyata aplikasinya bermasalah,1,2026-08-06 12:55:07,negative,negative
baik,4,2026-08-06 12:49:37,positive,positive
sering eror pernah memberi penjelasan apa penyebabnya,2,2026-08-06 12:46:39,negative,negative
sekarang semenjak waktu antrian jelek lemot tiba tiba jadwal kereta ada padahal ada bikin ga nyaman,2,2026-08-06 12:44:25,negative,negative
sering eror perbaiki,5,2026-08-06 12:40:12,positive,negative
masa cari tiket keberangkatan ga pernah tapi cari toko tiket kok tersedia ga jelas oengelola aplikasinya jangan jangan jual pihk,1,2026-08-06 12:34:19,negative,negative
kalau maintenance nyebelin aplikasinya udah ikut daftar antrean lama banget sekali udah book mau bayar malah ilang mau book malah jadwal udah penuh,1,2026-08-06 12:34:13,negative,negative
ngeleg trus apk nya,1,2026-08-06 12:28:07,negative,negative
update pencarian tiket jadi antri padahal nyarinya sebulan antri beberapa menit malah kosong semua,1,2026-08-06 12:24:34,negative,negative
sangat buruk aplikasi bisa gunakan mengantri lama,1,2026-08-06 12:22:49,negative,negative
aplikasi boprok error terus,1,2026-08-06 12:19:41,negative,negative
petugas berwenang mengawasi aplikasi sudah mencoba harinya aplikasi sudah berjalan sesuai diinginkan pengalaman kurang bagus soal loading masa tunggu mengetahui rute saya lihat bangku kosong apa untuk lihat jadwal sudah bikin nafas panjang rating saya update sudah perbaikan,1,2026-08-06 12:19:33,negative,negative
habis perbarui aplikasi jadi lelet tidak di gunakan,1,2026-08-06 12:19:33,negative,negative
antrian gk jelas buang waktu,1,2026-08-06 12:17:04,negative,negative
jelek skrng nyari tiket aja susah bnget,1,2026-08-06 12:12:54,negative,negative
heran update bukan bagus malah eror,2,2026-08-06 12:02:55,negative,negative
arek top up muter wae sateh kehed,1,2026-08-06 11:57:20,negative,positive
aplikasi dibuka lancar giliran buka tiket ga jd gimana mau cetak boarding,1,2026-08-06 11:52:13,negative,negative
apa an nih masalah saja muncul waktu lalu pesan tiket delay udah konfirmasi tiket nya transaksi selesai lihat riwayat nya malah gak kayak kehapus sendiri pilih tujuan awal akhir menu error sistemnya loading kadang keluar tulisan menu nya apa ya banyak banget gak perbaiki biarin aja kayaknya update mah percuma,1,2026-08-06 11:49:37,negative,negative
update yg terbaru malah makin susah buat pemesanan tiketnya mendingan versi yg lama,4,2026-08-06 11:45:20,positive,negative
update malah lemot ngga kebuka,1,2026-08-06 11:41:42,negative,negative
stelah update jadi lemoootttttt,2,2026-08-06 11:41:16,negative,negative
banyak error susah goshow,1,2026-08-06 11:40:17,negative,negative
aplikasi nya error min untuk segera fix errornya besok mau naik kereta tkt ga jadi,4,2026-08-06 11:39:59,positive,negative
lemot,1,2026-08-06 11:32:05,negative,negative
kok makin busuk appnya sekarang pake antrian,1,2026-08-06 11:29:53,negative,negative
kadang suka ga apkny,4,2026-08-06 11:23:41,positive,positive
update malah aplikasinya sebagus biasanya mohon di perbaiki,2,2026-08-06 11:21:36,negative,negative
pelayanan kai lebih baik fasilitas ruang tunggu d an musholla sangat representatif sesuai harapan masyarakat,5,2026-08-06 11:17:33,positive,positive
eror terus,2,2026-08-06 11:16:28,negative,negative
sering gangguan antri terus mau cari kereta beli pakai aplikasi bisa memesan,1,2026-08-06 11:13:10,negative,negative
bosok jam kritis,1,2026-08-06 11:08:44,negative,negative
aplikasi ngelag gajelaa,1,2026-08-06 11:03:02,negative,positive
di tingkatkan aplikasi nya over use bisa pencet apapun loading terus,2,2026-08-06 11:02:59,negative,negative
pembaharuan semakin busuk pas waktu keberangkatan kurang mnt tuket tiba hilang aplikasi langsung eror ke cs setempat dapat tiket nyesel sudah update,1,2026-08-06 10:56:06,negative,negative
aplikasi busuk khas app milik bumn app mypertamina mytelkomsel pln traffic padat aplikasi membusuk mudah dipahami alurnya semua aplikasi bumn diaudit,1,2026-08-06 10:54:01,negative,negative
hari kenapa yaaa apa memang gangguan giman bolak balik update instal ulang ttp gk buat cek tiket yg sdh beli penjelasan nya dong kai,2,2026-08-06 10:43:11,negative,positive
transaksi nya bener banyak eror gangguan lah segala macem udah bayar malah kaga tiket nya wk,2,2026-08-06 10:39:22,negative,negative
aplikasi jelas sering lemot loading lama padahal sinyal baik sudah update,1,2026-08-06 10:30:49,negative,negative
aplikasi nga jelas cari jadwal kereta api antar kota tanggal tanggal tulisannya jadwal kereta tersedia dong diperbaiki aplikasi pemerintah punya malu sama swasta,1,2026-08-06 10:11:58,negative,negative
di update malah jadwal keretanya error masa kosong ga da kereta satupun,1,2026-08-06 10:02:51,negative,negative
update malah bug mau pesan tiket tidak kereta tersedia,2,2026-08-06 09:48:36,negative,negative
banyak jadwal kereta kosong padahal pesan h,1,2026-08-06 09:36:33,negative,negative
sering banget jadwal tersedia padahal pesen hari biasa,1,2026-08-06 09:33:19,negative,positive
keseringan gangguan yah mau beli tiket gabisa masuk di perbaiki,1,2026-08-06 09:31:41,negative,negative
makin kesini makin jelek pakai segala pembatasan liat jadwal eh sekarang muncul antrian buat liat jadwal aneh banget bikin program bukannya makin simpel gampang malah makin ribet,1,2026-08-06 09:07:53,negative,negative
applikasinya error mohon segera diperbaiki kai acces,1,2026-08-06 08:47:25,negative,positive
server jelek sering maintenance,1,2026-08-06 08:47:24,negative,negative
maaf b ya cek awal tiket aman tersedia nah pas mau beli kok malah lemot ada tulisan jadwal kreta ada pas cek lewat google akses itu kreta tersedia ni aplikasi sering banget error jaringan buat nonton youtube buka medsos aman hp memadai aja kek lama nyari keretanya balik awal akses akses kreta masih tercantum tiket masih ada perbaiki,1,2026-08-06 08:37:08,negative,negative
servernya overload website aplikasi sama aja gk keterangan banyak antrian,1,2026-08-06 08:32:00,negative,negative
aplikasi sering error,1,2026-08-06 08:25:56,negative,negative
server lemot,1,2026-08-06 08:21:15,negative,negative
bisa pakai ada pemberitahuan maintenance,1,2026-08-06 08:20:39,negative,negative
aplikasi nya serinh down yakkkk huhuhuhuhuhu,4,2026-08-06 08:17:39,positive,positive
aplikasi busuk loading lama bgt,1,2026-08-06 08:17:04,negative,negative
mau pesen tiket susah hampir jam aplikasi error trus payah,1,2026-08-06 08:09:38,negative,negative
banget,5,2026-08-06 08:05:49,positive,positive
kecewa banget make aplikasi membeli tiket kereta antar kota ketika mau lihat tiket selalu gangguan terus jadi mau gak mau saya harus beli tiket di stasiun nya,1,2026-08-06 08:03:35,negative,negative
aplikasi paling sering ngebug,1,2026-08-06 08:02:29,negative,negative
masak mau lihat jadwal buat hari sabtu keretanya gak semua jadwal temukan padahal banyak pilihan kereta versi sebelumnya di cek hari lainnya gak makin gak jelas aplikasinya kembalikan versi yg dulu,1,2026-08-06 07:59:39,negative,negative
aplikasi sering gangguan reservasi tiket diperhatikan,1,2026-08-06 07:50:14,negative,negative
lag,1,2026-08-06 07:42:13,negative,negative
gimana akun bisa hack coba login malah suruh buat akun baru terus nasib tiket gimna min,4,2026-08-06 07:34:08,positive,negative
semenjak aplikasi tampilan baru malah super lemot diperbaiki bintang sy rubah jjka ada perbaikan masih bagusan aplikasi sebelumnya update malah lelet hadeeh parah bener,1,2026-08-06 07:06:46,negative,negative
error mulu coy,1,2026-08-06 06:54:49,negative,negative
baik sekali,5,2026-08-06 04:35:04,positive,positive
aplikasi lemot dicari tiket gak keluar keluar aplikasi pemerintah msti syuuuulit gak bpjs gak andal sekarng kai lemot pol data gak kluar hedew,1,2026-08-06 03:53:44,negative,negative
mengisi data berulang mulai awal kalo terlalu lama,4,2026-08-06 03:13:08,positive,negative
good,5,2026-08-06 00:34:44,positive,positive
nice kai,5,2026-08-05 16:19:57,positive,positive
untuk kai pay nya dikasih tau potongan adminnya berapa mau ngisi buat tab sekali transfer kali kena kali biaya admin mau isi k pas tf pertama lebihin saya tf k yang masuk cuman k saya butuh sekali tab harga k saya harus top up ulang jadi adminnya k sendiri,2,2026-08-05 15:55:38,negative,negative
mahal gak subsidi cikampek karawang lawak ditinggal kalah sama pesawat bis kacau apaan bumn,1,2026-08-05 14:10:16,negative,negative
apik,5,2026-08-05 13:05:58,positive,positive
mantap,5,2026-08-05 12:47:50,positive,positive
peyalanan memudahkan pembatalan,5,2026-08-05 11:55:52,positive,positive
bismillah,5,2026-08-05 11:28:57,positive,positive
susah sekali jadi member basic aplikasi nya simpel jadi uninstall,1,2026-08-05 11:18:41,negative,negative
oke,5,2026-08-05 09:55:32,positive,positive
mantapppp,5,2026-08-05 08:20:04,positive,positive
bagus bermanfaat,5,2026-08-05 07:58:48,positive,positive
mudah digunakan respon cepat,5,2026-08-05 07:26:09,positive,positive
kenapa g pesan krn waktu kadaluarsa berkali kali,4,2026-08-05 07:17:24,positive,positive
sistem gak jelas sering sekali error saat pembatalan tiket sangat dipersulit otp nya diperbaiki,1,2026-08-05 07:14:48,negative,negative
beberapa kali pakai aplikasi membantu barusan mau cetak boarding pass aplikasinya malah error kereta udh pergi masih error ga jadi berangkat gatau refund engga ga pakai,1,2026-08-05 06:41:27,negative,negative
mantep,5,2026-08-05 05:28:47,positive,positive
hebat,5,2026-08-05 04:42:12,positive,positive
lumayan bagus,5,2026-08-05 02:56:21,positive,positive
sangat memuaskan,5,2026-08-05 02:56:15,positive,positive
proses cepat mudah,5,2026-08-05 02:30:39,positive,positive
semoga lancar selalu,5,2026-08-05 01:15:09,positive,positive
tiba tiba error dibutuhkan,1,2026-08-05 01:08:30,negative,negative
aplikasi stabil sering mengalami gangguan server maintenance jam sibuk masih bug pembayaran kaipay saldo terpotong x lipat satu pemesanan tiket,1,2026-08-05 01:07:39,negative,negative
kebanyakan errornya ketimbang normalnya pesen tiked susah banget,1,2026-08-05 00:59:33,negative,positive
akun suka mendadak eror tidak pesen tiket padahal jam keberangkatan jauh,1,2026-08-05 00:26:07,negative,negative
aplikasi sangat bantu,5,2026-08-04 23:13:27,positive,positive
mantab,5,2026-08-04 14:54:24,positive,positive
,5,2026-08-04 14:50:53,positive,positive
mantap,5,2026-08-04 14:24:24,positive,positive
,5,2026-08-04 12:45:26,positive,positive
dulu seneng bgt sm apk kai cpt mudah skrg tiap pesen tiket failed to booked terus udah gatau lg deh direfresh uninstall ga ngaruh,1,2026-08-04 12:31:59,negative,negative
lemot sekali kapan normal,5,2026-08-04 12:04:38,positive,positive
kok sekarang apk nya gk bs dibuat pemesanan slalu gagal terus sih peringatan pdhal smpek log in berkali kali bhkan hapus cache jg semuanya dicoba kok tetep gk bs beda kyak dulu makin diperbarui makin gaena apk nya,5,2026-08-04 12:03:21,positive,negative
di perangkat tidak pdhl versi android spek jauh mumpuni,1,2026-08-04 11:45:46,negative,negative
siip,5,2026-08-04 11:34:54,positive,positive
bagus dana pengembalian,5,2026-08-04 07:54:59,positive,positive
aplikasi fiturnya sangat bagus mudah dimengerti customer service via emailnya sangat responsif membantu,5,2026-08-04 06:01:31,positive,positive
bagus,5,2026-08-04 03:58:14,positive,positive
mantap,5,2026-08-04 03:52:53,positive,positive
kompatibel hp samsung android versi,2,2026-08-04 00:09:02,negative,negative
kebanyakan update,5,2026-08-03 22:07:57,positive,positive
puass bangett sama aplikasi terima kasih mempermudah perjalanan,5,2026-08-03 16:04:45,positive,positive
merepotkan serba online yang punya kuota saldo kalo sediakan tiket offlinenya semua kalangan,1,2026-08-03 15:52:15,negative,negative
membantu sekali saya yg baru memakai aplikasi,5,2026-08-03 15:44:40,positive,negative
good pertahankan,5,2026-08-03 13:19:13,positive,positive
bermasalah terus gimana sih,1,2026-08-03 13:18:40,negative,negative
yg dikomen playstore yg kasih bintang yg kasih bintang dikomen justru yg kasih bintang utk cambuk perbaikan pelayanan,1,2026-08-03 12:51:38,negative,positive
apaan dibuka pernah konek,1,2026-08-03 12:27:54,negative,negative
simpel ringan bagus,5,2026-08-03 12:14:31,positive,positive
layanan baik,5,2026-08-03 12:07:58,positive,positive
kok pesan tiket susah sekali gak pernah diterima pembelian tiketnya padahal udah sering beli tiket aplikasi kok kali susah banget disuruh ualng ulang terus coba,1,2026-08-03 11:21:57,negative,negative
baguss aplikasinya,5,2026-08-03 07:12:31,positive,positive
aplikasi kacau byk bug bya mau liat kursi susah ada tulisan cannot book bla bla perbaikin buat apps android maupun ios dong,1,2026-08-03 05:02:24,negative,negative
aplikasi apaan buru buru pesen ticket eee malah suruh upgrade member ga bangke,1,2026-08-03 04:59:38,negative,negative
apk gak jls udah mao kali beli tiket by apk masih sama aja selalu gak jadwal nanya ke pihak loket diserang bilang hp nya rusak mau beli langsng gak nunggu jam asli diserang apa bikin susah,1,2026-08-03 04:15:44,negative,negative
untuk pembatalan tiket lebih dipermudah mau membatalkan tiket anak ternyata bisa blm punya akun acces sendiri apa iya seluruh anak yg kecil hrs dibuatkan akun sendiri yg pd akhirnya hrs merelakan tiket anak kami hangus mohon solusinya terimakasih,2,2026-08-03 02:26:33,negative,positive
hari sejak dini hari pemesanan kereta lokal h isi data penumpang akan lanjut menu pilihan kursi berulang kali error notif no matching property id dicoba refresh logout kemudian login tetap bisa,1,2026-08-03 02:08:16,negative,negative
padahal hp versi android tidak bisaa,1,2026-08-03 01:05:23,negative,negative
muda mencari tiket kereta,5,2026-08-03 00:47:22,positive,positive
soal refund lama,2,2026-08-02 23:42:36,negative,negative
nyaman,4,2026-08-02 23:02:37,positive,positive
mudah praktis,5,2026-08-02 22:54:25,positive,positive
ntah bug apa selalu jadwal kereta tersedia padahal tadi cek jadwal normal terus klo dah tiba tiba ganti jadwal tersedia susah banget balik normalnya dong enakan dulu klo jadwal habis habis aja gara gara bagian tampilkan jadwal telah habis jadi gak optimal dah,2,2026-08-02 22:52:37,negative,negative
hp blm usang knp tidaak kompetebel ayo donk jangan pembaharuan yg aneh pengguna kai khan gk cuma kalangan atas yg slalu upgrade ponsel,1,2026-08-02 21:29:21,negative,negative
bagus mudah pahami gampang sekali memesan tiket maupun refund nya,5,2026-08-02 20:59:49,positive,positive
kai untuk perbaiki masalah menu pengecekan tiket antar kota saya mengecek jadwal keberangkatan ingin memesan selalu error hanya muncul tulisan ada jadwal kereta,1,2026-08-02 20:06:46,negative,negative
mantap,5,2026-08-02 17:23:23,positive,positive
bisa pesan tiket,1,2026-08-02 15:24:58,negative,negative
kalo pake kai access ga tiket ngeliat tiket yg habis ga giliran beli tiket pake aplikasi ternyata hari yg sama tiketnya banyak hadehh,1,2026-08-02 15:14:36,negative,negative
untuk fitur pembatalan ke rekening manapun jangan ke rekening terpaut penumpang gimana kalau penumpang gak rekening kenyamanan penumpang mau membatalkan persulit alurnya padahal sudah potong kalauu mau di batalkan,1,2026-08-02 14:22:22,negative,negative
mantap mantul,5,2026-08-02 14:12:17,positive,positive
puas,1,2026-08-02 14:08:25,negative,positive
aplikasi menyebalkan minta upgrade mulu udh upgrade eh minta upgrade lg begitulah akhirnya bikin emosi,2,2026-08-02 13:25:22,negative,negative
sangat membantu mempermudah yg sedang merencanakan perjalanan kereta api,5,2026-08-02 12:12:51,positive,positive
bayar ovo jadi praktis,5,2026-08-02 12:12:30,positive,positive
kenapa tiba tiba bisa pesan tiket rute tersedia mohon perbaiki ini satu satu nya aplikasi kai yg mempermudah pembelian tiket,2,2026-08-02 10:41:26,negative,negative
keren,5,2026-08-02 09:03:50,positive,positive
aplikasi dapat i gunakkan kompeten bila memesan tiket selalu muncul notiif merahh data sesuai padahal data dimasukkan akun sesuai payah hapus aja aplikasi dari google play buat apa terbitkan bila tidak dapat digunakan kai melehoyyyy padahal akun baru akun bapak,1,2026-08-02 09:00:21,negative,negative
aplikasi sangat membantu harus antri,5,2026-08-02 08:06:04,positive,positive
apk apaan sih daftar udah masukin kata sandi salah trus lupa kata sandi udah benar ganti pas mau masuk salah gmna sihh apk kai gajelass bngettt,1,2026-08-02 07:23:28,negative,negative
better kaya dulu ditiap pesen tiket dpt no bangku soalnya kalo gini case nya jadi udah pesen jauh hari tetep gadapet tempat duduk kalo awalnya udah banyak penumpang duduk walaupun tertera tiketnya kursi,1,2026-08-02 06:47:46,negative,negative
p u a s,5,2026-08-02 04:53:03,positive,positive
sangat terbentuknya terima kasih,5,2026-08-02 03:27:13,positive,positive
pagi tolong bantu ka pesan tiket karna booking ganda padahal memesan apapun bulan,1,2026-08-02 02:48:27,negative,positive
bagus mudah gunakan,5,2026-08-02 02:33:54,positive,positive
bagus,5,2026-08-02 01:54:06,positive,positive
cukup bagus saran pihan nama stasiun lbh mudah harus tepat persis,5,2026-08-02 01:20:27,positive,positive
mempermudah pemesanan tiket juga memilih kursi yg diiinginkan,5,2026-08-02 00:35:23,positive,positive
sangat bagus,5,2026-08-01 23:47:48,positive,positive
gak pesen tiket sering error,1,2026-08-01 14:09:12,negative,negative
baik,5,2026-08-01 13:41:15,positive,positive
siap,5,2026-08-01 12:18:18,positive,positive
mantap,5,2026-08-01 11:56:22,positive,positive
sangat membantu sekali,5,2026-08-01 10:36:28,positive,positive
sgt bermanfaat,5,2026-08-01 10:14:57,positive,positive
sering eror,4,2026-08-01 09:21:55,positive,negative
mudah praktis,5,2026-08-01 07:06:08,positive,positive
aplikasi mempermudah mobilitas yang seeing menggunakan kereta lrt mrt ka bandara,5,2026-08-01 04:08:38,positive,positive
mantap buat pemesanan tiket kai menjadi praktis,5,2026-08-01 04:08:07,positive,positive
payah aplikasinya baru cari jadwal keberangkatan sana tercatat jadwal keberangkatan hari sama waktu berbeda keluar aplikasi sebentar membalas chat pas masuk pencarian jadwal keberangkatan nya yang muncul sama sekali bahkan geser h kedepan transportasi bumn pelayanan tidak maksimal pt kai di perhatikan pelayanan kenyamanan nya,2,2026-08-01 03:29:12,negative,negative
udh download aplikasi pake ktp giliran masuk nunjukin ktp jg bagaimana kalau dompet ktinggalan rumah kecopetan beserta ktp nya ada aturan bikin susah skrg pembelian file box mulu knp y ny lancar beberapa x ngulang aneh,5,2026-08-01 03:16:16,positive,negative
beli tiket sangat ribet,1,2026-08-01 00:33:17,negative,negative
pesan jam malam buat pagi hari saya klik jam cpagi keberangkatan bandung garut ehhh pas cek malah jadi jam malam emangnichh perusahaan negara gak bener gak yang bener aku sangat kecewa,1,2026-08-01 00:19:26,negative,negative
sering gagal boking,5,2026-07-31 22:41:59,positive,negative
kai is good bintang,5,2026-07-31 22:02:24,positive,positive
sumpah ga jelas aplikasi minta upgrade malah data di gunakan terus gw pake data mana,1,2026-07-31 17:21:22,negative,negative
sangat praktis cepat,5,2026-07-31 16:45:17,positive,positive
keren luar biasa acces by kai,5,2026-07-31 14:25:01,positive,positive
kode nya gak kirim kirim sih gimana,1,2026-07-31 13:39:41,negative,negative
aplikasinya semakin jelek banyak bugnya booking katanya udah booking jadi gabisa pesen tiket csnya lama dihubungin,1,2026-07-31 11:36:19,negative,negative
good aplikasi,5,2026-07-31 10:48:30,positive,positive
kai transum terbaik,5,2026-07-31 10:33:06,positive,positive
lebih tingkatkan rute cikarang bekasi tjuan kampung bandan via pasar senen tadi pagi menunggu krl st pd jati hampir jam yg rencana kedtngan krl dtgnya sdah berada st pd jati jam,1,2026-07-31 09:00:56,negative,negative
mantap saya baru menggunakan jadi sedikit bingung,5,2026-07-31 08:37:37,positive,positive
daftar face recognition gagal terus padahal udah sesuai data fotonya aneh,1,2026-07-31 07:45:01,negative,negative
gatol pesan tiket,5,2026-07-31 07:40:12,positive,negative
mantap,5,2026-07-31 07:16:31,positive,positive
aplikasi gangguan terus,1,2026-07-31 06:54:59,negative,negative
bagus,5,2026-07-31 06:40:34,positive,positive
good easy to use app,5,2026-07-31 06:27:43,positive,positive
cepat n sangat offisien,5,2026-07-31 05:33:42,positive,positive
aplikasi bego,1,2026-07-31 05:00:56,negative,negative
adanya pembatasan pengecekan jadwal kreta kali pengecekan anggapnya transaksi,1,2026-07-31 03:46:40,negative,positive
lebih enak v update tulisan jadi besar besar pas pesen kursi malah jadi kecil bnget balikin seperti semula malah jadi susah,1,2026-07-31 02:51:39,negative,positive
sangat suka,5,2026-07-31 01:42:58,positive,positive
jangan langsung jalan dulu apa ka lokal baru telat semenit udah ditinggal gaada tempat buat kritik saran ini apk,2,2026-07-31 00:36:06,negative,negative
top,5,2026-07-30 18:22:14,positive,positive
aplikasi sampah bolak balik bnerin sandi padahal udh ngikutin smua petunjuknya malahan kluar gjls pi,1,2026-07-30 17:42:42,negative,negative
bagus,5,2026-07-30 16:49:38,positive,positive
sangat berguna beli tiket kereta api,5,2026-07-30 14:23:58,positive,positive
hello kasih penjelasan ga saya cek list perlindungan asuransi tau tau pas bayar dikenakan biaya perlindungan asuransi,1,2026-07-30 13:02:37,negative,negative
beli refund tetep potong kocak,1,2026-07-30 11:55:35,negative,negative
,5,2026-07-30 11:49:52,positive,positive
bagus sangat membantu,5,2026-07-30 10:41:42,positive,positive
bagus versi untuk versi terbaru kurang bagus ribet jd maaf jasih aza,1,2026-07-30 10:41:39,negative,positive
aplikasi sering error jadi susah buat pesan tiket kereta sekarang lagi error selalu muncul tulisan no matching property id,1,2026-07-30 10:19:37,negative,negative
mudah dioperasikan aman,5,2026-07-30 08:26:50,positive,positive
saya gagal terus mau pesen tiket,1,2026-07-30 07:37:39,negative,negative
aplikasi gak mau pesan tiket aja sulit ny minta ampun,1,2026-07-30 07:14:52,negative,negative
baik,5,2026-07-30 06:54:17,positive,positive
sangat mudah cepat ternyata pakai aplikasi kai access,5,2026-07-30 06:25:48,positive,positive
ga masuk,5,2026-07-30 03:15:34,positive,negative
puas,5,2026-07-30 03:00:11,positive,positive
sip mudah,4,2026-07-30 02:54:58,positive,positive
,4,2026-07-30 01:45:53,positive,positive
good,5,2026-07-30 01:40:51,positive,positive
pemesan tiket lewat accessby kai sangat praktis sangat membantu,5,2026-07-30 01:38:27,positive,positive
sangat membantu,5,2026-07-29 19:49:49,positive,positive
pengennya lebih mudah pembelian tiket kereta api yang didapat malah pusing waktu pembuatan akun s d pemesanan setahuku dulu aplikasinya mudah kenapa aplikasi baru malah merepotkan,1,2026-07-29 13:02:32,negative,positive
versi terbaru tiap habis isi data selalu no matching property id terus harus ulang x baru sering update kirain bakalan makin bagus malah makin eror,2,2026-07-29 11:57:10,negative,negative
,5,2026-07-29 10:54:15,positive,positive
,5,2026-07-29 10:40:05,positive,positive
lbih simple praktisi,5,2026-07-29 08:37:17,positive,positive
lebih mudah pesan tiket kereta,5,2026-07-29 08:25:37,positive,positive
sukses selalu,5,2026-07-29 04:40:16,positive,positive
aplikasinya lemot masukkan data penumpang lag berhenti kadang masuk pilih kursi macet info aplikasi update terbaru ya min tetap sya kasih bintang,5,2026-07-29 03:59:35,positive,positive
mantappp,5,2026-07-29 03:14:46,positive,positive
gimana sih nyari stasiun terdekat gak padahal biasanya itu stasiun gede jatinegara n bekasi,1,2026-07-29 03:13:38,negative,negative
,5,2026-07-29 01:14:36,positive,positive
sekarang kasih b alasannya berangkat stasiun waru lalu tanya orang yg g kebagian duduk pesan hari lalu investigasi lebih teliti terima kasih,1,2026-07-29 00:17:07,negative,positive
mau batalin boking aja susah bgt suruh masukin kode sesuai yg kirim email di isi sesuai tp katanya kode salah tidak sesuai anehh binti anehhh,1,2026-07-28 23:37:39,negative,negative
simpel mudah praktis,5,2026-07-28 18:49:27,positive,positive
,4,2026-07-28 17:28:26,positive,positive
biaya pembatalan sebaiknya dikurang biar terlalu besar mungkin calon penumpang membatalkan alasan mendesak terpaksa,4,2026-07-28 15:55:46,positive,positive
cara pembayaran ribet tak lagi pilih kursi,1,2026-07-28 14:45:32,negative,negative
fiilternya gak jalan dipencet berkali baru jalan eh malah kepencet tiket,1,2026-07-28 13:51:02,negative,negative
mantap,5,2026-07-28 09:54:03,positive,positive
bgt,5,2026-07-28 09:04:13,positive,negative
tampilannya rapi modern mudah dipahami proses registrasinya terlihat sederhana semoga performanya lancar terus menghadirkan fitur fitur bermanfaat,5,2026-07-28 08:54:26,positive,positive
tampilkan semua kereta yg naiki di stasiun tersebut,4,2026-07-28 06:54:44,positive,positive
,5,2026-07-28 06:45:42,positive,positive
banyak bug mau bayar make qris ga mau nunjukin qr,1,2026-07-28 06:24:31,negative,negative
nice app,5,2026-07-28 06:10:51,positive,positive
oke mudah pakainya,4,2026-07-28 03:57:29,positive,positive
bagus,5,2026-07-28 03:04:04,positive,positive
mantapppp,5,2026-07-28 02:43:01,positive,positive
,5,2026-07-28 00:51:19,positive,positive
pelayanan bagus sekali,5,2026-07-28 00:03:07,positive,positive
puas,5,2026-07-27 23:58:54,positive,positive
good,5,2026-07-27 23:31:23,positive,positive
bagus cepat,5,2026-07-27 22:57:07,positive,positive
aplikasi pembatalan selalu berfungsi perbaiki deh benar seakan menahan uang penumpang kacau mania,1,2026-07-27 22:34:04,negative,negative
mantabek,4,2026-07-27 22:16:53,positive,positive
good,5,2026-07-27 11:09:59,positive,positive
ga ulgrade basic,1,2026-07-27 10:10:12,negative,negative
baik cepat mempermudah,5,2026-07-27 09:42:57,positive,positive
top,1,2026-07-27 09:13:20,negative,positive
aplikasi yg bagus,5,2026-07-27 07:04:38,positive,positive
hp tidak instal apk pdahal hpku android kalau yg versi sebelumnya yach,5,2026-07-27 06:47:02,positive,negative
sangat bagus,5,2026-07-27 04:47:59,positive,positive
padahal beli tiket ada asuransi tertera keterangan refund ternyata refund ga penuh klausul refund reschedule tiket kena potong harusnya terus terang aja jangan nipu konsumen dong,1,2026-07-27 03:23:11,negative,negative
good,5,2026-07-27 03:02:31,positive,positive
syok bgt si pertama kali unduh aplikasi tapi ternyata info pak okin nomor hp sudah terdaftar data orang ada solusi,1,2026-07-27 03:00:12,negative,negative
mantap,5,2026-07-27 02:56:05,positive,positive
bagus mantap,5,2026-07-27 02:01:33,positive,positive
duit milyaran cuma bikin aplikasi banyak bug gini memang it bumn gak becus semua efek kerja bawaan akhirnya kompeten,1,2026-07-27 01:14:05,negative,negative
oke,5,2026-07-26 18:26:00,positive,positive
top bgt,5,2026-07-26 15:44:48,positive,positive
mudah cepat,5,2026-07-26 14:30:09,positive,positive
gut,5,2026-07-26 13:48:47,positive,positive
terbaikk,5,2026-07-26 10:32:21,positive,positive
bagus,5,2026-07-26 09:18:03,positive,positive
mantap,5,2026-07-26 08:06:21,positive,positive
pembatalan tiket sangat mudah,5,2026-07-26 05:10:43,positive,positive
mantab,5,2026-07-26 04:31:51,positive,positive
baik,4,2026-07-26 04:29:34,positive,positive
bagus ribet,5,2026-07-26 03:58:21,positive,negative
mau daftar baru aja nunggu kode periikasi ga muncul sungguh membagongkan mending naik bis aja lebih simpel pesen tiket sama daftar aplikasi tiket nya lancar jaya,2,2026-07-26 03:43:39,negative,negative
good,5,2026-07-26 02:15:23,positive,positive
batalin tiket ribet bener,2,2026-07-26 01:00:58,negative,negative
menjengkelkan tiap mau beli tiket sll aplikasi upgrade selalu mempersulit pelanggan,1,2026-07-26 00:19:10,negative,negative
baik,5,2026-07-25 22:38:17,positive,positive
good,5,2026-07-25 18:51:57,positive,positive
sangat membantu pesan tiket jauh hari,5,2026-07-25 17:54:43,positive,positive
sudah bayar pakai gopay dana top up,4,2026-07-25 16:09:44,positive,negative
perbaikan aplikasi koq berjam berjam capekkk,2,2026-07-25 14:25:54,negative,positive
worth it,5,2026-07-25 14:06:17,positive,positive
good,5,2026-07-25 13:55:16,positive,positive
aneh apk sekarang mau pesen tiket kadang kadang gak,1,2026-07-25 13:52:48,negative,negative
sangat membantu,5,2026-07-25 13:35:07,positive,positive
selama aplikasi banyak membantu tampilan nya yg kurang informatif,4,2026-07-25 13:25:43,positive,positive
yes oke,5,2026-07-25 10:29:00,positive,positive
lumayan next lbh baik dan banyakin promo pootongan harga,4,2026-07-25 09:50:42,positive,positive
maaf bintang dulu versi terbaru malah bikin kederr pas mau pesan tiket ditambah versi terbaru pada fitur pemesanan tiket antar kota sekarang bisa mendetek jenis status penumpang lk pr sendiri sering naik sendirian jadi kurang nyaman kalau ternyata seat saya bersebelahan lawan jenis selama perjalanan yg lumayan jauh mohon diperbaharui seperti semula kenyamanan bersama terima kasih,1,2026-07-25 09:09:53,negative,positive
kok ngga di buka sih aplikasi nya,2,2026-07-25 08:38:40,negative,negative
buat jam nya lebih fleksibel sih sama ekonomi mending banyakin se enggaknya rb jadi gak pp lah masa langsung se serakah itukan perusahaan negara rakyat banyak yg miskin mau daerah tertentu sulit akses bus,1,2026-07-25 07:27:48,negative,negative
,5,2026-07-25 06:57:50,positive,positive
mantap mudah digunakan,5,2026-07-25 06:02:01,positive,positive
saat isi data penumpang ga lanjut kira hp ios pas ganto android tetap gak,1,2026-07-25 05:26:41,negative,negative
oke,5,2026-07-25 02:54:29,positive,positive
download cuman buat angen angen semata wkwk keren fiturnya,5,2026-07-25 02:49:13,positive,positive
top up dana terteansfer masuk akun kaspronya dibayar lewat ewallet minta dihubungkan kerjanya itu udah entah apa tiket tidak jg terbeli kai maunya apa pemesanan tiket bisa lewat aplikasi aplikasinya model begini,1,2026-07-24 22:55:27,negative,negative
sangat membantu setiap rencana perjalanan bepergian mudah pembatalan perubahan jadwal terima kasih,5,2026-07-24 22:47:29,positive,positive
aman mudah,5,2026-07-24 22:22:33,positive,positive
kereta haurpugur bandung telat mulu ajggg,1,2026-07-24 22:04:02,negative,negative
mantap,5,2026-07-24 21:54:48,positive,positive
banget,5,2026-07-24 16:18:15,positive,positive
aplikasi kompatibel perangkat,2,2026-07-24 14:42:55,negative,positive
terima kasih,5,2026-07-24 13:54:25,positive,positive
developer memesan metode pembayaran e wallet kenapa pembatalan pengembalian uang ada melalui e wallet di buatkan lebih mudah,5,2026-07-24 12:04:51,positive,positive
bagus,5,2026-07-24 12:04:30,positive,positive
best,5,2026-07-24 10:35:03,positive,positive
bagus,5,2026-07-24 10:32:59,positive,positive
kecewa pesen tiket pp dipakai memang uang nya tidak seberapa ribu pas konfirmasi pihak pt kai persyaratan nya ribet bgt saya ikhlas kan uang ribu nya,2,2026-07-24 04:02:32,negative,negative
aplikasi praktis mudah penggunaannya,5,2026-07-24 03:01:27,positive,positive
keretanya sekarang banyak yg terlambat,1,2026-07-24 00:08:57,negative,negative
mudah,5,2026-07-23 23:04:08,positive,positive
nyaman sih ekonomi yg ku suka,4,2026-07-23 15:42:21,positive,positive
bagus,5,2026-07-23 13:56:30,positive,positive
habis update erorr ga jelass,1,2026-07-23 13:56:24,negative,negative
sangat membantu,5,2026-07-23 13:27:47,positive,positive
sering error kadang semua pilihan jadi ada jadwal,1,2026-07-23 13:07:33,negative,negative
sangat mudah membantu,5,2026-07-23 12:54:19,positive,positive
pesanan mudah lancar,5,2026-07-23 12:12:39,positive,positive
pelayan aplikasi memuaskan mudah ini baru coba awak me rifan tiket karna berangkat kepagian,5,2026-07-23 12:10:27,positive,positive
ga jelas abdet malah ga,1,2026-07-23 11:48:38,negative,negative
waktu pengetikan ditambah lama,4,2026-07-23 10:59:29,positive,positive
,5,2026-07-23 07:01:07,positive,positive
baik gampang cuma lama tadi pas pembayaran,4,2026-07-23 06:49:04,positive,positive
bagus,5,2026-07-23 06:07:28,positive,positive
apik,5,2026-07-23 06:04:16,positive,positive
minus nya sering eror udah doang,4,2026-07-23 06:01:16,positive,negative
refurn tiket pengembalian dana terlalu lama,1,2026-07-23 05:46:35,negative,negative
diupgrade malah bikin bingung lebih enak versi sebelumnya biasanya cuma ketik nama penumpang langsung pilihan reduksi skrg kk gk sih,2,2026-07-23 03:48:18,negative,positive
mantab,5,2026-07-23 03:44:43,positive,positive
oke,5,2026-07-23 02:46:22,positive,positive
mantap udah dapet kursi bagus trus notif berhasil kutinggal nah tiba email pembayaran belum berhasil kursiku hilang malas pake kai kalo gini caranya,5,2026-07-23 00:12:26,positive,negative
kompatible perangkat,5,2026-07-23 00:09:21,positive,negative
udah bayar kereta udah lunas udah keluar tiket pas hari h tiket tiba ilang notifikasi pembelian berhasil di riwayat pembelian hilang,1,2026-07-22 21:41:33,negative,negative
cara aku berpetualang dengan naik kereta,5,2026-07-22 20:47:08,positive,positive
kereen aplikasi bs proses cepat semua pelayanan,5,2026-07-22 13:48:33,positive,positive
pemilihan jurusan kereta lokal tersedia tpi selanjutnya keterangan kursi waktu pemilihan kereta ditulisi tersedia kursi,4,2026-07-22 08:44:20,positive,negative
mantap,5,2026-07-22 08:36:17,positive,positive
mantab,5,2026-07-22 07:38:02,positive,positive
tdk compatible dg poco f coba bikin versi web,1,2026-07-22 07:36:39,negative,negative
pesan tiket mau mengubah jadwal keberangkatan beli tiket jaminan refund nya menghubungi call centernya sulit hubungi wa balasannya akhirnya waktu habis baru terhubung mau ganti rugi padahal kesalahan yang lelet hubungi kalau tiket murah lah tiket kereta antar kota yg harganya lumayan mau nya untung aja tanggungjawab buat apa ambil yg ada jaminan refund nya kalau ujung nya nggak bisa refund,1,2026-07-22 06:44:20,negative,negative
sangat membantu sekali,5,2026-07-22 06:32:40,positive,positive
tingkatkan trus,5,2026-07-22 06:25:34,positive,positive
,5,2026-07-22 05:26:30,positive,positive
jujur sy baru pertama kali membeli tiket sini mencoba mempelajari akhirnya berhasil ternyata semudah,5,2026-07-22 04:38:11,positive,positive
aplikasinya oke please jangan update terus apalah daya hp emak yg jadul,5,2026-07-22 02:56:25,positive,negative
,5,2026-07-22 02:48:44,positive,positive
apk bagong ker butuhken kalah error,1,2026-07-21 23:27:01,negative,negative
udh berkali bikin pesana isi nik berubah mulu jadi passport padahal dropdown sudab pilih nik blm daftar pernumpang yg pake passport sampe kali gajelas,1,2026-07-21 22:27:42,negative,negative
memudahkan utk pesan tiket,5,2026-07-21 22:01:10,positive,positive
susah banget kalo tengah malem cari tiket lokal padahal dibayar pake shoppepay kalo emang ga ya ga usah cantumin butuh pulang keburu waktu malah ga bayar,4,2026-07-21 20:42:12,positive,positive
sangat bagus sangat dibutuhkan traveling,5,2026-07-21 19:25:19,positive,positive
semua metode pembayaran hilang adanya cuma cuma kai pay ovo jadi ribet,4,2026-07-21 17:02:15,positive,positive
lancar jaya,5,2026-07-21 14:18:10,positive,positive
tiap kereta lewat langsung siinyal kagak emang hama kereta inu,1,2026-07-21 13:59:56,negative,positive
bener bener kecewa sama aplikasi sampah programmer bayar gaji buta apliaksi error gini apa test dulu kok di publish programmer lulusan mana kebanyakan di korupsi cari programmer begini,1,2026-07-21 13:31:32,negative,negative
,5,2026-07-21 13:28:12,positive,positive
enak cepat kalau mau pesen,5,2026-07-21 10:01:18,positive,positive
mantap,5,2026-07-21 09:30:11,positive,positive
cepat,5,2026-07-21 08:23:45,positive,positive
good service,5,2026-07-21 07:04:58,positive,positive
bagus,5,2026-07-21 03:32:29,positive,positive
sangat memudahkan pesan kereta,5,2026-07-21 02:28:28,positive,positive
,5,2026-07-21 01:47:14,positive,positive
keren sih,5,2026-07-20 23:48:12,positive,positive
saldo kepotong status tiket lunas,1,2026-07-20 17:32:09,negative,negative
biaya pembatalan terlalu besar padahal dalam waktu cukup lama,2,2026-07-20 16:07:37,negative,positive
kai,5,2026-07-20 15:09:44,positive,positive
sangat mudah harga terjangkau,5,2026-07-20 14:56:53,positive,positive
mudah digunakan,5,2026-07-20 14:43:45,positive,positive
mana ka tambahan pso rute surabaya banyuwangi mosok kok mutiara timur f aja untuk harga ka jayabaya rute sby ml jangan mahal mahal dong mana harganya gak ngotak mana harga k dulu,1,2026-07-20 14:12:11,negative,negative
lemot sih apps nya,4,2026-07-20 10:59:10,positive,negative
wahh mantapp sekali yaa cancelation fee nya buesarrr bangett,1,2026-07-20 06:39:30,negative,positive
mantappp,5,2026-07-20 05:33:50,positive,positive
layanan cepat,5,2026-07-20 04:19:37,positive,positive
oke,5,2026-07-20 04:06:11,positive,positive
aplikasinya berat banget,1,2026-07-20 03:24:24,negative,positive
alhamdulillah reschedule,5,2026-07-20 03:22:56,positive,positive
thanks kak smogaa makin tahun makin sempurna lg playaannnan,5,2026-07-20 02:17:33,positive,positive
server nya mbok yo diperbaiki kalian kan sendiri ga saingan apk sering error ga keberangkatan eh cek menit muncul tp tiket sdh sold kan kacau,1,2026-07-20 02:13:43,negative,negative
aplikasi lemot milik pemerintah mulai pemesanan mengisi ktp nik masa langsung otomatis harusnya pilihan tidak kesalahan pengguna hingga pembayaran diputar balikkan terus padahal kalau memang terhubung langsung semoga kedepannya lebih baik tidak bikin kecewa pengguna milik rakyat terimakasih,1,2026-07-20 00:48:32,negative,positive
bagus,5,2026-07-19 23:10:37,positive,positive
mau nanya min ko sekarang kai access ga ke buka mohon bantuannya,5,2026-07-19 20:44:43,positive,positive
susah buat daftar,1,2026-07-19 16:19:17,negative,negative
gak jelas gk searching stasiun,1,2026-07-19 15:56:05,negative,negative
muncul notif permintaan terlalu sering mohon tunggu sebentar coba ga jadi beli tiket,2,2026-07-19 12:19:32,negative,negative
perjalanan kereta sy nyaman kebersihan terjaga tepat waktu,5,2026-07-19 11:39:13,positive,positive
good kereta bisa peaan lg maju terusss,5,2026-07-19 10:34:13,positive,positive
bug mulu,1,2026-07-19 08:46:45,negative,negative
senang sekali sekarang kai acces semakin mudah digunakan,5,2026-07-19 08:04:35,positive,positive
bagus,5,2026-07-19 07:52:13,positive,positive
gokil sedikit lama respon pembelian tiket booking nya mohon update bisa lebih stabil kedepan nya kai,5,2026-07-19 07:10:05,positive,negative
proses cepat tp potongannya cukup besar,4,2026-07-19 06:52:28,positive,positive
sekarang kalau chat cs lama bgt responnyaaaaaaa,1,2026-07-19 06:14:57,negative,negative
payah pas mau bayar kok tiba nongol biaya asuransi padahal ga klik sama sekali parah jualan asuransi terselubung,1,2026-07-19 04:45:55,negative,negative
aplikasinya tambah susah gunakan login member ga perlu gabisa masuk,5,2026-07-19 01:51:35,positive,negative
kode ottp email udah betul aja salah aneh,1,2026-07-19 01:43:10,negative,negative
baik,4,2026-07-19 01:20:54,positive,positive
eror terus masa gaada tiketnya terus,1,2026-07-18 17:19:53,negative,negative
padahal akun email sama nomor gapernah dipake gabisa login login daftar aja gapernah aneh bgt,1,2026-07-18 15:04:02,negative,negative
the best,5,2026-07-18 13:18:55,positive,positive
baik,1,2026-07-18 12:40:55,negative,positive
perkara telat menit ama yg ditiket aja udh jalan keretanya payah sii kecewa naek pesawat aja telat mnit ditunggu parah,1,2026-07-18 12:25:26,negative,negative
,5,2026-07-18 12:07:26,positive,positive
susah nyatik tiket selalu kendala,1,2026-07-18 09:35:10,negative,negative
apk payah dulu bagus sekarang gk banget,1,2026-07-18 09:23:34,negative,negative
siiipppp,5,2026-07-18 08:25:33,positive,positive
tambah keren aplikasinya,5,2026-07-18 04:09:45,positive,positive
aplikasi terbaik,5,2026-07-18 03:55:19,positive,positive
mudah menghubungi cs solusi,5,2026-07-18 03:42:14,positive,positive
good,5,2026-07-18 02:54:11,positive,positive
good apps memudahkan,5,2026-07-18 02:30:45,positive,positive
bagus,5,2026-07-18 00:57:22,positive,positive
baik,5,2026-07-17 22:47:36,positive,positive
bagus,5,2026-07-17 22:39:20,positive,positive
angkutan umum yg di pakai siapapun mudah praktis,5,2026-07-17 20:43:27,positive,positive
dong buatkan jalan aja stasiun sudirman stasiun manggarai najis banget haru telat mulu gara kereta nya telat terus mana telat nya sampe setengah jam lebih mulu najis banget pokoknya pelayanan nya payah,1,2026-07-17 11:56:16,negative,negative
habis update kok malah gak jelas gini sih,2,2026-07-17 11:51:59,negative,negative
terlalu banyak bug mengganggu plus jadi repot kalau ngejar waktu pesen tiket,1,2026-07-17 11:36:40,negative,positive
mudah dipahami aplikasinya,5,2026-07-17 10:36:42,positive,positive
aplikasinya lemot sering trouble error masak perusahaan negara lemot gini,1,2026-07-17 10:32:49,negative,negative
gc bsa cari tiket kreta,1,2026-07-17 09:58:49,negative,negative
mempermudah perjalanan,5,2026-07-17 09:05:56,positive,positive
mantap mudah operasionalnya,5,2026-07-17 08:38:03,positive,positive
kalau tiket pending menunggu payment disertakan tata cara payment atau cara mengubahnya tiket pending cancel transaction not found mau order tiket baru ktp sama nggak bisa karena pemesanan pending jadi terpaksa nunggu countdown nya selesai,2,2026-07-17 07:57:16,negative,negative
susah bayarnya pake itu gak ujung nya pake kaipay sendiri huh,1,2026-07-17 07:35:28,negative,negative
sangat membantu memudahkan,5,2026-07-17 06:24:24,positive,positive
mantab,5,2026-07-17 06:21:32,positive,positive
sangat bagus membantu good,5,2026-07-17 05:48:48,positive,positive
puas,5,2026-07-17 04:47:41,positive,positive
pembayaran pemesanan makin mantap lancar lancar sukses selalu,5,2026-07-17 04:10:29,positive,positive
good,4,2026-07-17 03:02:57,positive,positive
perjalanan pun jadi lebih mudah access by kai,5,2026-07-17 03:02:54,positive,positive
gmn tdk upgrade krn akun nmr yg lama gk di gunakan lg pake akun yg baru nmr yg baru ttp tdk saya udh berkali kali hub bagian pelayanan menganti akun nmr ttp tdk jadinya gk pesan tiket melalui apk di bantu,2,2026-07-17 02:25:42,negative,negative
sangat memuaskan pelayanan nya,5,2026-07-17 01:37:42,positive,positive
tdk link aja metode pembayaran so bad,5,2026-07-17 00:17:26,positive,positive
kok kereta jenggala no kursi dulu pakai no kursi gk rebutan jadi nyaman tenang klo mau naik,5,2026-07-16 23:58:43,positive,positive
banyak variasi info layanan maupun promo yg kurang efektif,5,2026-07-16 22:30:22,positive,positive
baik,5,2026-07-16 21:59:29,positive,positive
lebih baik,5,2026-07-16 17:05:07,positive,positive
bug nya parah banget ga muncul jadwal server down,1,2026-07-16 15:09:34,negative,negative
semoga lebih baik,5,2026-07-16 10:17:39,positive,positive
mahal banget biaya adminnya woy ngisi ribu dipotong lah apa apaan njir admin seperempatnya lah aplikasi biaya transfer paling an kebawah,1,2026-07-16 09:43:54,negative,positive
cepat,5,2026-07-16 06:28:38,positive,positive
baik,5,2026-07-16 06:27:34,positive,positive
acces lebih mudah pemesanan tiket online real time ketersediaan kursi,5,2026-07-16 03:49:01,positive,positive
cukup membantu utk perjln an dgn kai access,5,2026-07-16 01:47:15,positive,positive
aplikasi tidak dipasang android oppo a s akhirnya dampaknya tidak memesan tiket melalui aplikasi,1,2026-07-16 01:37:04,negative,negative
sangatt bagusss sekaliii,5,2026-07-16 00:21:33,positive,positive
apa sama sekali ga jadwal keberangkatan terus,1,2026-07-15 23:12:58,negative,negative
bagus deh lebih memudahkan,5,2026-07-15 22:58:24,positive,positive
hari mau pembelian tiket selalu disuruh daftar akun basic padahal akun premium kemudian saat kita melakukan pendaftaran akun basic tiket sudah hilang padahal sudah menunggu lama selalu standby meliat tiket kai access,1,2026-07-15 19:33:11,negative,negative
bagus,5,2026-07-15 19:21:56,positive,positive
apk access by kai skrg lebay sekali karna bergantung pd gps layanan googleplay disaat menit genting pesan tiket malah gagal bahkan halaman jadwal tiket lokal commuter linepun bisa muncul karena sy tdk mengaktifkan gps lokasi dihp sy jg sy tdk mengaktifkan apk layanan googleplay karna sy semua adalah beban buat hp sy termasuk dri menguras kuota hingga baterai lebih baik sy nonaktifkan gps apk layanan googleplay dihp sy terkecuali sangat dibutuhkan,2,2026-07-15 18:23:26,negative,positive
makasih kai aplikasi bagus,1,2026-07-15 18:04:47,negative,positive
pesan tiketnya makin sulit aplikasi suka habis cek gogle banyak suka bisa memesan kai makin ribet aja sih,1,2026-07-15 17:53:03,negative,negative
kak access sangat membantu,5,2026-07-15 15:37:15,positive,positive
kai trasfortasi sangat membantu rakyat indonesia tetap terusah membantu poinnya ko bertambah padahal bulan juni perjalanan antarkota terimakasih,5,2026-07-15 12:28:11,positive,positive
aman dn nyaman,4,2026-07-15 10:07:46,positive,positive
memudahkan pemesanan tiket kereta membantu menjadwalkan perjalanan,5,2026-07-15 09:25:04,positive,positive
baik,5,2026-07-15 06:54:23,positive,positive
rajin donk kondektur n polisi kreta patroli tegur orang yg brisk n makanan minuman mahal banget pas beli kopi q buka tutup gelasnya eh mie ngambang donk kopi q sayangnya g q fotoin tlg jangan jorok bngt n peron bau pesing bngt nggilani bikin mual toilet tlg dibersihin donk jgn cm hrga tiket yg mahal bkn baju bau pesing krn udaranya bau,1,2026-07-15 05:41:29,negative,positive
cepat mudah,5,2026-07-15 05:11:19,positive,positive
bagus,4,2026-07-15 04:01:01,positive,positive
,5,2026-07-15 03:45:25,positive,positive
puas,5,2026-07-15 02:54:16,positive,positive
alhamdulillah keren mantap semangkin maju kai,5,2026-07-15 02:00:08,positive,positive
tidak tahu siapa harus bertanggungjawab cukup sering sebenernya ketidaksesuaian jadwal riil aplikasi coba diperbaiki entah memang time management update waktu penjemputan krl di aplikasi biar gak salah estimasi waktu sudah bikin terlambat kali cukup parah,1,2026-07-15 01:41:07,negative,negative
luar biasa,5,2026-07-15 01:37:47,positive,positive
verry goods,5,2026-07-15 01:32:26,positive,positive
,5,2026-07-14 15:41:24,positive,positive
saya aplikasi masih kurang banyak jam jam keberangkatan tidak sesuai jadwal membuat orang terlalu lama menunggu jadwal yg ga sesuai jam,2,2026-07-14 14:22:57,negative,negative
aplikasinya berat bener mau mesen tiket kereta aja terpaksa ngehadapin aplikasi seberat selambat,2,2026-07-14 13:30:22,negative,positive
sulit banget mau bayar punya ovo ternyata wkwk,5,2026-07-14 13:12:16,positive,negative
insya allah bagus,5,2026-07-14 13:06:47,positive,positive
,5,2026-07-14 12:45:31,positive,positive
sangat membantu tranportasi murah aman,4,2026-07-14 11:49:54,positive,positive
maaf kasih bintang kereta api indonesia salah satu badan usaha milik negara yg melayani semua lapisan masyarakat terutama masyarakat yg punya kendaraan kalau aplikasi bisa mengakomodir golongan blm punya hp yg baru kompatibel dgn aplikasi saran bikin aplikasi yg kompatibel semua ios hp android,1,2026-07-14 11:22:41,negative,negative
saat mau pesan suka pemeliharaan menyusahkan masyarakat,1,2026-07-14 09:37:57,negative,negative
mudah cepat,4,2026-07-14 08:08:17,positive,positive
baguss kalii,5,2026-07-14 07:14:45,positive,positive
aplikasi kai acces play store kenapa dapat update yak,5,2026-07-14 06:23:22,positive,positive
terimakasih pelayanan nya,5,2026-07-14 06:14:58,positive,positive
mantappp sangat membantuuu,5,2026-07-14 06:12:52,positive,positive
nice,5,2026-07-14 06:09:56,positive,positive
terimakasih kai semoga terus setia melayani masyarakat ekonomi lemah lembut harga terjangkau,5,2026-07-14 05:42:53,positive,positive
jadi aneh aplikasi nya buat pembayaran lewat e wallet qris bank malah error terus udah chat cs nya buat nanya aja ada solusi udah top up saldo kalpay sama gak buat bayar tiket nya aneh emang bukan nya sehabis update makin bagus eh malah makin jelek aplikasi,1,2026-07-14 05:40:11,negative,negative
,5,2026-07-14 04:39:01,positive,positive
aplikasi membingungkan awal fine aja tuh buat pesen tiket in the next day mengharuskan upgrade member basic pas ditekan terus gak sampe emosi aku dong diperbaiki,1,2026-07-14 04:38:10,negative,negative
cepat,5,2026-07-14 04:03:42,positive,positive
susah daftar basic udh coba bbrp kali tetep gagal padahal butuh kacau,1,2026-07-14 03:06:01,negative,negative
sangat puas,5,2026-07-14 02:45:42,positive,positive
katanya perse nol persen biaya ternyata persen,1,2026-07-14 02:27:24,negative,negative
bagus tingkatkan terus terbaik,5,2026-07-14 01:37:31,positive,positive
sangat memudahkan sekali melihat jadwal kereta pemesanan tiket kereta tampilan yg sangat menarik fitur yg mudah dipahami sukses terus pt kai indonesia,5,2026-07-14 01:21:01,positive,positive
bagus semoga mudah retur karna pas salah jadwal lenyap saja ya ga bisa daftar imael no jadi susah beli tiket kartu dulu udah ga kesultanan saangaat,5,2026-07-14 00:36:55,positive,negative
cepat,5,2026-07-13 22:53:59,positive,positive
banyak gangguan pas mau pake gangguan terus,1,2026-07-13 22:29:00,negative,negative
puas,5,2026-07-13 22:13:09,positive,positive
cepat tepat mantap,5,2026-07-13 20:53:50,positive,positive
luar biasa,5,2026-07-13 19:22:43,positive,positive
sangat baik pelanyanannya,5,2026-07-13 16:21:42,positive,positive
mudah,5,2026-07-13 13:06:01,positive,positive
sangat membantu praktis,5,2026-07-13 12:25:33,positive,positive
naik kereta lebih murah seru,5,2026-07-13 11:58:30,positive,positive
aduhhh pusing bngt selalu kedapetan bug pas lgi daruratt kdng mau scann gabisa krna kena bug pdhl temen buka normal apk nya salah hp aku gimna sih,2,2026-07-13 11:05:03,negative,negative
bagus sering promo lah,4,2026-07-13 10:45:14,positive,positive
the best,5,2026-07-13 10:39:24,positive,positive
aplikasinya bagus sayang udh daftar pake no banyak spam sms padahal no baru baru hari spam sms banyak sekali hati no klian kena jga,1,2026-07-13 09:14:23,negative,negative
sulit pilih kursi login mulu,2,2026-07-13 08:32:39,negative,negative
sangat puas,5,2026-07-13 07:54:53,positive,positive
bagus mudah kalau pesan tiket,5,2026-07-13 07:19:45,positive,positive
top up kmt lewat aplikasi gagal scan bayar saldo ovo terpotong kali di refund,2,2026-07-13 06:28:32,negative,negative
siip,5,2026-07-13 03:51:21,positive,positive
mantap,5,2026-07-13 02:16:57,positive,positive
keren,5,2026-07-13 00:36:44,positive,positive
,5,2026-07-13 00:31:32,positive,positive
sangat membantu,5,2026-07-12 22:34:53,positive,positive
sebelumnya kenapa terupdate otomatis bukannya makin bagus malah makin susah mau cari tiket kereta ada gambar palang lalu bisa bagian pembayaran malah timeout lalu bagaimana cara tiketnya mohon segera dibenahi terimakasih,1,2026-07-12 19:01:52,negative,positive
baik,4,2026-07-12 15:54:34,positive,positive
oke,5,2026-07-12 15:17:50,positive,positive
ip sm android sama lihat penumpang lelaki wanita warnanya,1,2026-07-12 14:56:50,negative,negative
berguna sekali,5,2026-07-12 13:01:16,positive,positive
ya top up kai pay belum masuk disaldo lama bgt,1,2026-07-12 11:59:49,negative,negative
terimakasih acces by kai membantu pemberangkatan dan,5,2026-07-12 11:51:30,positive,positive
saran foto fasilitasnya diperbanyak diperdetail lebih lebih baik,5,2026-07-12 11:47:25,positive,positive
aplikasi ga niat gabisa reschedule pesan tiket batalkan tiket semuanya ngelag payah ga padahal pake android ram exynos sekelas aps bumn kaya gini payah gada inisiatif benerin server udah kaya gini desember,5,2026-07-12 11:45:39,positive,negative
sempat kecewa aplikasi di awal kemunculannya dengan beberapa perkembangan terbaru sangat membantu,5,2026-07-12 11:40:54,positive,positive
bagus sangat membantu,5,2026-07-12 09:10:58,positive,positive
bobrok ada tiket yg dipesan,1,2026-07-12 08:28:57,negative,negative
waktu pembelian tiket dicounter gak update applikasi diaplikasi nunggu sejam pernah coba cek tiket dicounter tersedia diaplikasi habis,1,2026-07-12 07:57:11,negative,positive
simple klo mau bepergian tuh,5,2026-07-12 07:05:19,positive,positive
mantep,5,2026-07-12 05:25:35,positive,positive
mantap,5,2026-07-12 05:18:32,positive,positive
kereta wlahar telat mulu sesuai jadwal giliran telambat tiket hangus,1,2026-07-12 05:06:43,negative,negative
sejauh cukup puas gak ribet,5,2026-07-12 04:49:44,positive,positive
aplikasinya bagus memudahkan membeli tiket biar gak ngantri biar kestasiun kereta api cuman nunggung kereta dateng duang minusnya apa pembayaran tuh ada e wallet dana masa cuman duang ovo sama shopeepay adain sekarang butuh nih buat beli tiket sekarang ditanggapi masalah,4,2026-07-12 04:41:54,positive,positive
sugoi,5,2026-07-12 03:31:15,positive,positive
sangat praktis,5,2026-07-12 03:02:26,positive,positive
terima kasih pelayananya sangat memuaskan,5,2026-07-12 02:40:54,positive,positive
kesal aplikasi nya sering logout sendiri,2,2026-07-12 02:14:55,negative,negative
ketika mau pejalanan estapet misal jombang tujuan pasar senen jkt jombang klaten trus nyambung klaten pasarsenen jkt tarifnya jadi lebih mahal rata rata smua jurusan gak potongan tiap stasiun,4,2026-07-12 00:02:08,positive,positive
tiket kai lampung dijual habis platform seperti traveloka menyisakan diapk kai access ditindaklanjuti,1,2026-07-11 23:34:04,negative,positive
bagus,5,2026-07-11 19:35:47,positive,positive
udah mg bisa digunakan,1,2026-07-11 17:07:39,negative,negative
lebih baik,5,2026-07-11 13:16:40,positive,positive
baguss,5,2026-07-11 12:44:55,positive,positive
,5,2026-07-11 12:44:31,positive,positive
dong metode pembayaran pakai ovo pakai dana shoopepay gopay,5,2026-07-11 11:54:39,positive,positive
terima kasih,5,2026-07-11 11:47:00,positive,positive
bagus,5,2026-07-11 11:39:50,positive,positive
saran penumpang memiliki tiket tiket berdiri jangan terlalu enakan duduk kursi prioritas meskipun kursi prioritas digunakan orang tertentu orang terlanjur beli tiketnya jadi bisa duduk kursinya dipakai orang dengan dalil inikan kursi prioritas termasuk prioritas manula pihak kai dipertimbangkan keadaan kereta penuh apa kalau penuh kasian udah beli tiket jadi tidak bisa dduk,5,2026-07-11 10:37:10,positive,negative
sangat membantu sekali mencari berbagai tiket transportasi kereta api,5,2026-07-11 10:12:26,positive,positive
good,5,2026-07-11 09:35:40,positive,positive
pusing,1,2026-07-11 09:16:37,negative,positive
jos,5,2026-07-11 08:09:57,positive,positive
aplikasi mudah gunakan sangat membantu mantap,5,2026-07-11 07:36:32,positive,positive
mantap,5,2026-07-11 06:16:30,positive,positive
sangat membantu,5,2026-07-11 05:11:21,positive,positive
baik pelayanannya,5,2026-07-11 03:17:56,positive,positive
bagsu,5,2026-07-11 03:02:17,positive,positive
bagus sekali,5,2026-07-11 01:34:19,positive,positive
respon cepat,5,2026-07-11 01:23:02,positive,positive
access by kai delivers a convenient and efficient railway booking experience the application features an intuitive design secure transactions real time travel information and a smooth ticket management system making train travel more accessible and enjoyable,5,2026-07-11 00:50:00,positive,positive
goodjob,5,2026-07-11 00:00:24,positive,positive
bagus,4,2026-07-10 22:41:30,positive,positive
mantap,4,2026-07-10 20:27:49,positive,positive
keren,5,2026-07-10 18:50:33,positive,positive
pelayanan apkikasi sangat maksimal,5,2026-07-10 18:38:37,positive,positive
mudah digunakan nyaman memilih tiket kapapun,5,2026-07-10 18:36:52,positive,positive
joss jiss,5,2026-07-10 17:03:21,positive,positive
cara cepat beli tiket kereta api,5,2026-07-10 15:14:41,positive,positive
top of the top,5,2026-07-10 14:41:22,positive,positive
intuitif,5,2026-07-10 11:55:45,positive,positive
perlu ditambah gerbong ekonomi jumlah promonya,5,2026-07-10 11:30:10,positive,positive
sangat mudah digunakan sangat recomended,5,2026-07-10 10:50:39,positive,positive
aplikasi yng bisa memudahkan pesen tiket malah selalu terkendala mau daftar login pdhl belum pernah menyantumkan no hp di apknya nomor di daftarkan aneh,1,2026-07-10 09:38:25,negative,negative
mantaf sih permudah pelayanan,5,2026-07-10 08:55:21,positive,positive
bgus,5,2026-07-10 08:41:49,positive,positive
bugnya banyak,1,2026-07-10 08:17:37,negative,negative
in my opinion this app is very helpful for people who have no sense of direction like me,5,2026-07-10 07:05:30,positive,negative
sistem bagus informatif,5,2026-07-10 06:50:54,positive,positive
oke,5,2026-07-10 06:44:19,positive,positive
good,5,2026-07-10 05:27:36,positive,positive
bagus layanannya,5,2026-07-10 02:57:19,positive,positive
gara gara aku lupa pw sekarang gak dipake bikin akun baru juga gak karna ktp nya ke akun lama,2,2026-07-10 02:51:35,negative,negative
puas,5,2026-07-10 01:33:52,positive,positive
top,5,2026-07-10 01:27:45,positive,positive
di perbaikin lah ni tiao mau bayar eror ganguaan udah mah kalo isi saldo potonganya jgn rebu lah tj aja cuma,4,2026-07-10 01:14:51,positive,negative
sukses kai,5,2026-07-10 00:34:08,positive,positive
mohon pt kai tambah gerbong aja jurusan garut banyak lansia yg gk kebagian kursi kalo musim liburan,1,2026-07-10 00:28:51,negative,negative
keren nih aplikasi pesen tiket oke pas pesen makanan cepet fast respon kru restonya pokoknya the best dech proses refund pembatalan tiket sangat baik puas menjadi pelanggan kai terima kasih semua team salam,5,2026-07-09 23:25:46,positive,positive
cukup bagus,5,2026-07-09 22:56:15,positive,positive
bagus,5,2026-07-09 22:41:43,positive,positive
mudah digunakan,5,2026-07-09 16:43:02,positive,positive
selalu pesen tiket kreta online suka sekali c,5,2026-07-09 15:31:37,positive,positive
baru mau daftar liat email aja di ulang,1,2026-07-09 14:13:31,negative,negative
loadingnya lama update lah,4,2026-07-09 13:30:09,positive,negative
aplikasinya sangat baik sangat membantu satu jam stelah penjualan tiket dibuka khususnya kuala stabas langsung habis nah kemudian muncul notifikasi mengatakan tiket tujuan kita pesan tersedia entah apa maksudnya,5,2026-07-09 13:08:54,positive,positive
good,5,2026-07-09 12:58:03,positive,positive
buseh parah kai smpe segitunya topup saldo aja di potong parah,1,2026-07-09 12:33:39,negative,negative
good,5,2026-07-09 12:00:00,positive,positive
sangat fleksibel refund reschedule,5,2026-07-09 11:11:23,positive,positive
membantu diriku perjalanan,5,2026-07-09 11:07:20,positive,positive
mudah sangat membantu,5,2026-07-09 09:23:19,positive,positive
bagus sangat nyaman dngn aplikasi,5,2026-07-09 09:04:39,positive,positive
keren,5,2026-07-09 08:53:29,positive,positive
aplikasi nya sangat membantu mempermudah,5,2026-07-09 08:30:32,positive,positive
suka error males banget,1,2026-07-09 08:13:54,negative,positive
,5,2026-07-09 08:08:01,positive,positive
sippjos,5,2026-07-09 06:39:49,positive,positive
pembaruan aplikasinya mantap banget aplikasinya jadi makin responsif modern beli tiket kereta api antarkota krl lrt jadi super praktis satu aplikasi fitur e boarding pass nya sangat memudahkan gak perlu antre cetak tiket di stasiun fitur connecting train pembatalan reschedule tiket online sangat membantu,5,2026-07-09 05:25:31,positive,positive
aplikasi paling payah pas mau bayar pake qris diklik kode qris gak kebuka error mau cancel booking gak tolong perbaiki benar buruk,1,2026-07-09 05:16:10,negative,negative
good,5,2026-07-09 04:52:53,positive,positive
siap,5,2026-07-09 04:49:01,positive,positive
keren layanannya memudahkan profesional,5,2026-07-09 02:40:20,positive,positive
good,4,2026-07-09 02:28:29,positive,positive
bagus,5,2026-07-09 01:50:54,positive,positive
bagus,4,2026-07-09 01:22:18,positive,positive
mudah banget gunakan,5,2026-07-09 01:19:43,positive,positive
bagus harus war tiket jurusan kertapati tanjung karang sebaliknya maupun tiket baturaja tanjung karang sebaliknya,5,2026-07-09 01:01:26,positive,negative
okay,5,2026-07-09 00:47:31,positive,positive
waktu pembayaran selalu gagal tolonglah perbaiki beli stasiun jg gak padahal ada kursi aplikasi receh ini server kecil,1,2026-07-09 00:10:39,negative,negative
good,5,2026-07-08 23:17:10,positive,positive
min ga bayar pake m bengking bri,1,2026-07-08 23:10:57,negative,positive
jadwal kreta jakarta kota tujuan bogor jam nya jelas tidak aktual jam pagi,1,2026-07-08 23:03:53,negative,negative
proses mudah,5,2026-07-08 22:24:15,positive,positive
terbaik,5,2026-07-08 17:06:47,positive,positive
oke,5,2026-07-08 15:29:36,positive,positive
simple,5,2026-07-08 15:04:08,positive,positive
access kai emang banyak kelebihan nya kekurangan nya yg bikin dongkol di aplikasi access kereta kahuripan ko mahal banget di alfa indomaret aplikasi tiket kai harga kereta kahuripan murah banget sy aplikasi acceskai untuk orang kaya ajah bersahabat orang orang kecil,1,2026-07-08 13:11:10,negative,positive
saran aja pembelian ka lokal ditambah kuota nya minimal sekali pembelian karna kalo doang kesusahan kalo disuru ibu pesen tiket buat rombongan,4,2026-07-08 10:59:56,positive,positive
bagus bagus,5,2026-07-08 10:30:26,positive,positive
suka eror,1,2026-07-08 09:36:38,negative,positive
aplikasi bapuk sering error payment g otp g masuk,1,2026-07-08 09:32:44,negative,negative
mantap,5,2026-07-08 09:02:09,positive,positive
banget,5,2026-07-08 08:35:28,positive,positive
ngk krn atha,5,2026-07-08 07:13:55,positive,positive
access by kai benar benar jauh berkembang mulai pemesanan tiket lokal hingga jarak jauh bahkan pemesanan transportasi lanjutan taksi layanan makan semua di sini ui nya nyaman dilihat sangat user friendly wajib punya buat traveler kereta,5,2026-07-08 06:27:31,positive,positive
daftar nomor sama ngak aneh aplikasi pake no imelnya singkron sama no udah terdaftar pie seh aplikasi iki,1,2026-07-08 05:59:08,negative,negative
gagal trus cannot cannot apaaan lah,1,2026-07-08 05:06:23,negative,positive
jadwal krl sering molor bikin ketinggalan ka bias ada pertanggungjawaban malah petugas saling lempar kesalahan kali ini terus,1,2026-07-08 04:45:30,negative,negative
gercep pelayanan memuaskan pegawainya ramah,5,2026-07-08 03:14:11,positive,positive
jadi gak lihat kursi terisi penuh gak kayak fitur nya,1,2026-07-08 02:38:08,negative,negative
membantu,5,2026-07-08 02:25:05,positive,positive
mantap,5,2026-07-07 22:38:47,positive,positive
nyaman damai memuaskan,5,2026-07-07 20:15:38,positive,positive
apps gak jelas otp nya absurd,1,2026-07-07 19:31:18,negative,negative
aplikasi accsess by kai is very good bintang,5,2026-07-07 16:00:42,positive,positive
booking train tickets in indonesia has never been easier the app is fast canceling or rescheduling tickets is a breeze and the digital boarding pass is so convenient,5,2026-07-07 13:09:08,positive,positive
jelek ga pilih urutkan tiket harga tertinggi terendah cuma settingan default pluanya cuma tambahan cek fasilitas doang apaaan diupdate malah rusak fiturnya cepetan dibenerin hei programer,2,2026-07-07 13:07:49,negative,negative
app gunakan pesan tiket tidak bisa diupdate,1,2026-07-07 12:50:38,negative,negative
bagus,5,2026-07-07 11:06:42,positive,positive
mantab,5,2026-07-07 11:02:49,positive,positive
fast respon,5,2026-07-07 10:23:40,positive,negative
disaat buka access kai update stelah update justru aplikasi lama hilang sebenarnya access kai yg lama sangat membantu tuk mempercepat pesanan tiket ka dituju,5,2026-07-07 08:16:13,positive,positive
jos jis,5,2026-07-07 08:04:14,positive,positive
coba berulang kali mendaftar akun selalu bisa,1,2026-07-07 07:56:45,negative,negative
telah melakukan pembatalan tiket telah menanggung pemotongan biaya pembatalan tiket sebesar pihak kai bisa lebih responsif tanggap menindaklanjuti pengembalian dana pelanggan,2,2026-07-07 06:57:45,negative,negative
aplikasi udah keren pengelolaan aplikasinya yg kuno zaman daholak mosok akun yg udah digunakan selama tahun pas gitu mau masuk pintu kereta petugas minta tunjuki ktp yg asli woi kai kau kok ketinggalan jauh ama kereta cina sana pergi cina belajar,2,2026-07-07 06:15:33,negative,negative
keren tingkatkan,5,2026-07-07 05:19:58,positive,positive
mudah akses sangat efisien,5,2026-07-07 04:20:07,positive,positive
mohon maaf tombol navigasi kira lebih mudah user friendly dilakukan update contohnya memilih gerbong kereta aplikasi sebelumnya lebih enak mudah digunakan,1,2026-07-07 03:56:53,negative,positive
bagus mudah pemesanannya sukses selalu kai,5,2026-07-07 03:45:20,positive,positive
good application,5,2026-07-07 02:25:19,positive,positive
kekmana pemesanan nya sik masa sini udh habis pdhl blm buka mesen masa hari gak sedangkan apk bisa kek mana pdhl kai yg butuhkan mana klk apk adm nya kursi kekmana tolong lah perbaharui layanan nya,1,2026-07-07 02:07:48,negative,negative
nice,5,2026-07-07 01:53:31,positive,positive
,5,2026-07-07 01:46:55,positive,positive
yess,5,2026-07-07 01:01:27,positive,positive
mantab,5,2026-07-07 00:38:26,positive,positive
pelanggan setia kereta api semenjak kecil sekarang menjadi lansia pokoknya kereta api indonesia sahabat perjalanan yg paling suka,5,2026-07-07 00:26:06,positive,positive
makin nyaman naik kereta mudah hemat cepat,5,2026-07-07 00:06:09,positive,positive
,5,2026-07-06 23:36:28,positive,positive
aplikasi bumn ga aman banget data tiba berubah adanya notifikasi tidak terdetek melalui sistem cs nya waktunya keperluan klaim asuransi data diaplikasi tiba berubah ga digunakan klaimnya hangus sangat merugikan semoga perbaikan bahwasannya kebocoran data disini sistemnya patut diwaspadai buat semuanya,1,2026-07-06 23:00:35,negative,negative
sangat mudah,5,2026-07-06 21:51:16,positive,positive
murah banget,4,2026-07-06 21:38:03,positive,positive
,5,2026-07-06 19:44:19,positive,positive
sistem sangat mudah sangat membantu perjalanan,5,2026-07-06 16:16:54,positive,positive
pesan gagal terus pesanan masuk pembayarann pembayarannya ada kode bayarnya kemudian batalkan coba tapi terus begitu,1,2026-07-06 14:53:24,negative,negative
oke,4,2026-07-06 14:47:27,positive,positive
wehh gimana sih kok kode otp benar sesuai dikirim sama kai kode tetep salah aneh,1,2026-07-06 14:00:01,negative,negative
beli tiket kereta check in online e boarding pass jadwal keterlambatan update info kursi gerbong,5,2026-07-06 12:18:47,positive,negative
bagus,5,2026-07-06 10:29:53,positive,positive
the best pelayanan,4,2026-07-06 10:04:05,positive,positive
aplikasi gak d buka,1,2026-07-06 08:56:01,negative,negative
mudah digunakan,5,2026-07-06 08:54:50,positive,positive
uda coba make hp banyak jadwal gk muncul bahkan sampe ganti bulan depan jg sama aja make android maupun ip sama aja uda install ulang jg sama aja benerin dong,1,2026-07-06 07:17:43,negative,negative
sangat bagus membantu,5,2026-07-06 06:20:27,positive,positive
sangat bagus,5,2026-07-06 06:11:59,positive,positive
pramex harusnya yg diutamakan yg punya tiket buat apa nge war tiket jauh seminggu keberangkatan pas hari h ttp aja ngga dapet kereta,1,2026-07-06 05:40:33,negative,negative
penggunaan pramek udah dapet tiket jauh jauh hari ttp aja ngga dapet kereta harusnya utamakan yg punya tiket dulu,2,2026-07-06 05:38:42,negative,negative
tiket susah jarang percuma aplikasi,1,2026-07-06 03:55:27,negative,negative
lelet sering ga keluar jadwal kereta yg dicari,5,2026-07-06 03:01:00,positive,negative
bagus,5,2026-07-06 02:48:39,positive,positive
coba d perbaiki di tingkatkan biar gak menjengkelkan,2,2026-07-06 02:35:29,negative,negative
ya bisa pake aplikasi nya semua jadwal kereta kosong terus ga stasiun tanah abang nya pencarian,1,2026-07-06 01:21:27,negative,negative
anak kecil tahun lebih beberapa bulan udah anggap dewasa heran minimal tahun lah buat anak buat beli tiket,1,2026-07-05 23:28:39,negative,positive
yth ka kai yogyakarta purworejo kutoarjo ka direktur kai yogyakarta purworejo kutoarjo mohon bgian tiket ka jrk jau mggunakan sistem aplikasi kai acces pmbelian tiket online tlg diperbarui apabila sdh ketentuan pmbelian tiket dlm jam jam menit sblm brpergian minta segera dimunculkan kai acces jangan ditunda krena keefisien dlm plyanan publik non publik trmksh slm hormat,2,2026-07-05 17:44:09,negative,positive
udah ganti pasword dimasukin tetep aja salah pasword,1,2026-07-05 17:31:06,negative,negative
pembaharuan jelek nama sering dibilang booking padahal rumit lebih mudah sebelumnya,1,2026-07-05 16:19:30,negative,positive
deskripsinya refund cancel ternyata respon cs yg lamban transparan tanya alasan tp jawabannya ambigu tiket pas dicek aplikasi tidak ditemukan,1,2026-07-05 15:54:49,negative,negative
tiket makin mahal naik seenak jidat nya dri rb tasik gubeng sekarang jdi an gilaaa,1,2026-07-05 13:51:35,negative,negative
mantap,5,2026-07-05 13:23:51,positive,positive
alhamdulillah lancar,5,2026-07-05 13:10:56,positive,positive
makin gk jelas apl aneh susah nyari jadwal sering eror,1,2026-07-05 12:57:04,negative,negative
semoga semakin lebih baik,4,2026-07-05 12:29:44,positive,positive
sangat membantu sekali ttapi terkadang eror pemesanan tiket sedang ramai,5,2026-07-05 12:15:03,positive,positive
sangat bermanfaat mudah digunakan,5,2026-07-05 11:45:35,positive,positive
dikasih notif diaplikasinya bila datang paling telat menit keberangkatan tiket hangus gara datang tepat waktu selisih beberapa menit makin kesini makin kesana kebijakannya,1,2026-07-05 11:42:31,negative,negative
,4,2026-07-05 10:57:56,positive,positive
sering tdk login sedang pemeliharaan,4,2026-07-05 10:45:47,positive,negative
aplikasinya selalu error hari minggu sore sangat menyusahkan customer pengguna,1,2026-07-05 09:15:15,negative,negative
benerin lah pemesanannya waktu salah input data saya batalkan pesanan pesan ulang selalu bisa padahal pesanan saya batalkan sampe x terus udah gabisa pesan karena maks alhasil kehabisan tiket buat hari keberangkatan ga banget pemesanannya udah dibatalin ttp gabisa pesen ulanggg,1,2026-07-05 08:42:09,negative,negative
bagus,5,2026-07-05 08:09:59,positive,positive
makin kesini makin gak bangett update malah jadi ribet ga jelas mending gausah update deh kalau jadi kayak gini ribet banget asli mana error mulu sistemnya,1,2026-07-05 07:38:12,negative,negative
terlalu banyak bug aplikasi dalam pembatalan pembayaran selalu transaksi not found,1,2026-07-05 07:18:52,negative,negative
membantu sx good,5,2026-07-05 05:42:47,positive,positive
terbaik,5,2026-07-05 04:12:30,positive,positive
tiap mau beli banyak input data diri manual data yg di save orng,2,2026-07-05 03:18:04,negative,negative
,5,2026-07-05 03:17:44,positive,positive
jos jos,4,2026-07-05 03:16:03,positive,positive
nice,5,2026-07-05 03:07:58,positive,positive
bagus,5,2026-07-05 03:05:33,positive,positive
aplikasinya bobrok banget sampe beberapa kali buat pesan,1,2026-07-05 02:33:58,negative,negative
bagus,5,2026-07-05 01:23:53,positive,positive
aplikasi ga mau batalin tiket ga padahal jauh jam keberangkatan selalu tampil otp salah padahal yg dikirim email,1,2026-07-05 01:17:51,negative,negative
sebenernya bagus si apk nya mempermudah beli tiket mana aja tp masalah nya tuh kalo lama ga kebuka apk nya mesti akunnya balik lg akun biasa pdhl kn pas ak dah buat yg premium trs pas nyoba ngisi data ga mlu karna akunnya udah terdaftar nah trs jadinya gimana woilah kai plis perbaiki lg sistemnya oke sekian terimakasih,4,2026-07-05 00:51:36,positive,negative
aplikasinya full lag banget mau ngetik aja keyboard arus keluar pelan hadehhh,1,2026-07-04 22:31:44,negative,negative
apk busuk baru aja instal bwt berangkat klaten malah gk di top up,1,2026-07-04 22:14:26,negative,negative
,5,2026-07-04 18:24:31,positive,positive
lemot polll layanan sue tf tp gak iso mohon kl persulit sistem ubah aj bisa offline wes rela bngun tngh mlm tp zonk,1,2026-07-04 17:58:11,negative,negative
tambah suwe aplikasine tambah gak maju pesen tiket tambah susah bela in jam ttp gak dpet tiket emosi q,1,2026-07-04 17:27:01,negative,negative
mantap,5,2026-07-04 17:21:21,positive,positive
wah parah jangan hapus buat baru pemula kai udah mempersulit pendaftaran persulit gimana caranya ditempat gak baik satpam tanya no respon milah milih resepsionis tanya cuma disuruh arah gak jelas intinya pinter pinter kalian aja yang mau naik kereta yang punya,1,2026-07-04 16:56:34,negative,negative
kecewa beberapa kali ketinggalan kereta ngk pengembalian dana,1,2026-07-04 16:18:53,negative,negative
aplikasinya gaguna nyari jadwal kereta anatar kota ga tersedia trs tiap tanggal kesellll deh,1,2026-07-04 14:50:26,negative,negative
app banyak bug nya pilih tgl trus geser awalnya jadwal kereta trus hilang tdk jadwal kereta aneh,1,2026-07-04 14:19:50,negative,negative
bagus waktu pemesanan twrlalu cepat,5,2026-07-04 14:11:54,positive,positive
,5,2026-07-04 13:43:33,positive,positive
oke,5,2026-07-04 13:04:08,positive,positive
sangat membantu,5,2026-07-04 13:01:22,positive,positive
mantap,5,2026-07-04 12:35:01,positive,positive
baik,5,2026-07-04 12:26:00,positive,positive
pokonya aplksi yg tepat osen kereta tnpa ribbet,5,2026-07-04 11:59:38,positive,positive
this is a great app and the service is excellent truly satisfying,5,2026-07-04 11:49:07,positive,positive
baik,5,2026-07-04 09:42:58,positive,positive
perlu banget,5,2026-07-04 09:13:03,positive,positive
tmbhkan opsi top up e wallet asli ribet bgt bgi yg gk punya m bangking,1,2026-07-04 08:34:27,negative,negative
apknya ga berfungsi giliran uninstall biar update eh malah ga diinstal katanya ga tersedia perangkat padahal versi android sekarang udah gabisa beli tiket,1,2026-07-04 08:33:08,negative,negative
praktis mudah,5,2026-07-04 07:29:46,positive,positive
khusus app raillfood pesanan aplikasi online sistem persediaan kasir restorasi pesanan a ditawari b a keburu habis offline gak sih jadinya online mending langsung offline aja restorasi mungkin tergantung personil bertugas itu,1,2026-07-04 07:12:05,negative,negative
baru mau coba moga sesuai ekspetasi,4,2026-07-04 06:58:47,positive,positive
good,5,2026-07-04 06:04:19,positive,positive
bisa update hp sumsang a mohon bantuannya,5,2026-07-04 05:06:01,positive,negative
bagusss bgt,5,2026-07-04 04:24:48,positive,negative
tiketnya cepelat banget habisnya gak kebagian tiket,5,2026-07-04 04:20:08,positive,negative
programmer nya bodoh ga becus rute perjalanan terus,1,2026-07-04 03:55:48,negative,negative
memudahkan langkah,5,2026-07-04 02:55:08,positive,positive
,5,2026-07-04 02:27:48,positive,positive
kenapa mau masuk aplikasi barusan download harus masukin kode padahal ga stell enkripsi kunci kode aplikasi,1,2026-07-04 02:17:00,negative,negative
apa nih kok tiba tiba bermasalah aplikasinya yaa,1,2026-07-04 01:53:55,negative,negative
komunikasi dg admin lancar memudahkan issued tiket,5,2026-07-04 00:02:53,positive,positive
baik,4,2026-07-03 23:43:05,positive,positive
semangat terus kai utk pelayanan prima customer,5,2026-07-03 23:29:53,positive,positive
aplikasi penipu pemerintah penipu produk negeri penipu top up gak dikasih tau biayanya gak dikasih tau kl asa saldo mengendap emang produk negeri cuma ngerugiin sesama anak negeri aja p e n i p u,1,2026-07-03 23:01:48,negative,negative
update malah bug jadwal kereta api antar kota nya jadi hilang kaya tiket habis jadi logout dulu terus login baru tampil lagii jadwal nya dong developer aplikasi kai access update,5,2026-07-03 21:59:42,positive,negative
memudahkan perjalanan cara pesannya mudah cepat,5,2026-07-03 18:17:16,positive,positive
waktu bayar terlalu sedikit boking cuma x sehari erorr terus,1,2026-07-03 17:42:41,negative,positive
bagus menarik,5,2026-07-03 17:41:54,positive,positive
gak jelas mau cek tarif pilihan stasiun di temukan,1,2026-07-03 17:22:39,negative,negative
terlalu lama,1,2026-07-03 17:21:38,negative,negative
pengalaman perdana pesan tiket kereta api mantab berebut tiket,5,2026-07-03 17:18:10,positive,positive
membeli tiket sulit sekali banyak gangguannya di sumatera khususnya lampung,1,2026-07-03 17:13:28,negative,negative
jossss,5,2026-07-03 15:15:51,positive,positive
aplikasi gak jelas pilihan menu nya ngawur karawang pasar senen pilihannya paling murah tiket k,1,2026-07-03 14:25:38,negative,positive
bagus,5,2026-07-03 13:07:40,positive,positive
aplikasinya keren mudah digunakan,5,2026-07-03 12:19:07,positive,positive
this application is very helpful nice,5,2026-07-03 11:46:58,positive,positive
bagus sekali layanannya,5,2026-07-03 11:40:52,positive,positive
ribet dikit dikit suruh update abis udah masuk segala daftar member apalah segala macem pas masukin nomor telepon malah gabisa diklik kelamaan apa apanya lemot aplikasinya keburu keabisan tiket,1,2026-07-03 11:31:10,negative,negative
masa sby blitar tiket hari kedepan udah habis sih,1,2026-07-03 11:14:23,negative,negative
wuenak poll,5,2026-07-03 10:16:39,positive,positive
ulasan tanggal juli wib aplikasi versi aneh access kai dipencarian kereta jadwal kereta tersedia mulu padahal ngecek matket place e commerce tersedia apa emang sengaja bikin gitu aplikasi resmi emang downin trus diluar dibuka melenggang perbaiki bandwith aplikasi server tidak sering crouded,1,2026-07-03 09:59:32,negative,negative
update kalo mau beli kebanyakan time out gak jelas emang,1,2026-07-03 09:41:34,negative,negative
siip,5,2026-07-03 08:01:17,positive,positive
pembayaran status pembayaran blm masuk smpai waktu habis akhirnya dapat tiket informasikan terkait transaksi tanggal nominal rp merchant access by kai sarankan kamu melakukan pengecekan berkala akun gopay kamu apabila tanggal adanya penambahan saldo gopay proses pengembalian diterima apabila tgl tersebut ada dana masuk pengembalian dana d tolak,1,2026-07-03 07:43:35,negative,negative
memudahkan pembelian informasi seputar perkeretaapian,5,2026-07-03 07:25:47,positive,positive
admin ya tiap hari kereta murah jarak jauh selalu sold out bahkan berminggu minggu sebelumnya diserobot calo tiket diskon ulang tahun kai promo tahuna lainnya ada gimmik pt kai nya jujur orang biasa yg sangat membutuhkan tiket perjalanan hal yg sangat urgen susah sekali dapet disuru war tiket gak jelas,1,2026-07-03 06:54:52,negative,positive
saya bisa download aplikasi ya,1,2026-07-03 05:59:52,negative,negative
padahal dah daftar ga buka buat cari tiket kereta,4,2026-07-03 05:54:55,positive,negative
dong klo d update lgi klo tolong tambah kan e walet ovo dana gopay shopeepay sejenisnya e walet lainnya biyar klo mau top up isi saldo kai access juga lewat e walet,5,2026-07-03 05:30:05,positive,positive
aplikasi apa erorrr terus,1,2026-07-03 04:54:45,negative,negative
aplikasi sering error bisa melihat ketersediaan kursi,1,2026-07-03 04:54:12,negative,negative
gak tampilan tiket nya tiket habis ditampilkan,4,2026-07-03 04:54:05,positive,negative
semakin update semakin luar biasa,5,2026-07-03 04:31:56,positive,positive
jos,5,2026-07-03 04:12:54,positive,positive
sangat bermanfaat,5,2026-07-03 02:21:42,positive,positive
bagus,5,2026-07-03 02:18:54,positive,positive
entah apa cuma gua doang sekarang aplikasi bukannya mempermudah malah bikin sulit panik karna tiap mau beli tiket selalu tulisan tiket tersedia saya cari tiap hari tanggal berbeda tetep tiket tersedia,2,2026-07-03 01:57:58,negative,negative
banget,5,2026-07-03 01:55:02,positive,positive
aplikasi sering ngebug musim liburan kayak gini,1,2026-07-03 00:51:09,negative,negative
sangat mudah banget,5,2026-07-03 00:34:39,positive,positive
bagus,5,2026-07-03 00:26:43,positive,positive
bikin ribet transportasi umum fasilitas negara bikin masyarakat ribet pemesan pelayanan dr kai kalo bobrok menegement nya mending perbaiki dulu internal nya jangan mempersulit masyarakat apa susah gini malah area sumatera terutama rute lampung prabumulih masa hari keberanhkatan baru pesen tiket kan tolol namanya orang tuh naik kereta buat hemat budged bukan malah bikin ruwet aneh kai bobrok menegement,1,2026-07-03 00:19:06,negative,negative
baik,5,2026-07-03 00:04:38,positive,positive
rute sering hilang ada jadwal muncul,1,2026-07-02 23:55:04,negative,negative
,5,2026-07-02 23:43:32,positive,positive
terbaik sangat membantu proaes cepat,5,2026-07-02 23:41:14,positive,positive
bagus,5,2026-07-02 23:25:01,positive,positive
bagus sangat membantu,5,2026-07-02 23:23:53,positive,positive
mantap,5,2026-07-02 21:52:33,positive,positive
untuk kai acces ac nya kalo jangan terlalu dingin banget udah kaya aja dingin nya malem ac nya kencang banget tidur gak saking dingin nya,4,2026-07-02 19:15:55,positive,negative
oke,5,2026-07-02 17:18:01,positive,positive
sllalu d percaya,5,2026-07-02 14:55:33,positive,negative
sering eror tidak segera diperbaiki mau liat jadwal kereta eror trus lemot apknya,1,2026-07-02 14:41:10,negative,negative
cacelny ribet yah,4,2026-07-02 13:45:09,positive,negative
bapuk aplikasi jelek masa pesan tiket selalu time out padahal bayarnya qris langsung belom menit udah selesai pembayaran email ga masuk gada padahal di apk dah tbtb time out jelas dong kai,1,2026-07-02 13:13:25,negative,negative
pengembalian dana sangat lama hari ubah kereta mahal mirah selisih harganya ga balikin kalau pengembalian dana harusnya instant langsung gausah nunggu hari gara gara nunggu hari kehabisan tiket,1,2026-07-02 12:17:49,negative,negative
update menjadi nyaman dulu jadwal sering kebanyakan ga pembatalan persulit verifikasi email kode dikirim email masukan verifikasi di kai access di tolak terus,1,2026-07-02 11:37:09,negative,negative
terima kasih halaman pembatalan,5,2026-07-02 11:33:48,positive,positive
update alasan bintang dr thn tetep sj suka error terbaru nunggu jam malam lebih beli tiket hari kedepan belain pencat pencet smpe jam pagi g muncul jadwal kereta sama sekali akhirnya g jadi beli ruwet payah,1,2026-07-02 10:47:08,negative,negative
cari tiket agustus tiket tersedia pas cek hp teman ku tersedia banyak tiket tgl untuk jurusan yg sama gimana masa beda gitu perbaiki apk nya,2,2026-07-02 10:29:12,negative,negative
good,5,2026-07-02 08:46:56,positive,positive
pelayanan petugasnya jelek bintang,1,2026-07-02 08:17:39,negative,positive
okeeee,5,2026-07-02 07:46:24,positive,positive
memudahkan keren,5,2026-07-02 06:44:40,positive,positive
ribet gak praktis stupid jeda waktu bayar mepet banget,2,2026-07-02 06:15:22,negative,positive
aplikasi sampah masa tiket reguler gak di cancel boleh tiket ekspres aja aplikasi sampah,1,2026-07-02 05:14:32,negative,negative
nice,5,2026-07-02 05:05:52,positive,positive
sangat membantu,5,2026-07-02 04:00:03,positive,positive
aplikasi mudah gunakan,5,2026-07-02 02:54:49,positive,positive
mantab,5,2026-07-02 02:40:03,positive,positive
sangat mempermudah masyarakat,5,2026-07-02 02:32:44,positive,positive
pertama kali menggunakan aplikasi sangat membatu sekali,4,2026-07-02 02:14:04,positive,positive
kok ga di diakses pemesanan kereta,1,2026-07-02 02:04:48,negative,negative
misi tiap nyari tiket tiap mencari jadwal tiket kereta api sering eror hp tergolong high jaringan sinyal bagus,1,2026-07-02 01:06:21,negative,positive
sukaaaaaa,5,2026-07-01 23:54:50,positive,positive
parah bangetttt tttt cek tiket aja ga,4,2026-07-01 23:20:40,positive,positive
sangat puas,5,2026-07-01 21:28:33,positive,positive
ada reduksi tp harga ticket yg hrs dibayar tetap harga normal,2,2026-07-01 21:10:41,negative,negative
sumpah kai ngeselin banget mau log in akun ga bikin akun baru mau update member ga w mau pesen tiket aja ribet banget pesen langsung tempat ga juga malah menyusahkan skrng,1,2026-07-01 17:52:34,negative,negative
aplikasi msih berlaku kok pesan tiket selalu muncul,2,2026-07-01 17:23:33,negative,negative
aplikasi gk jls pernah niatan melebihi relasi baru pertama kali naik kereta api paham kalau turun kalisat tau pesan jember karna mau rs soebandi anak bulan di usg karna jantung nya bocor sudah jelaskan ke kondektur tetap tidak di kasih kompensasi tidak mau bayar denda karna lebih mementingkan nyawa anak saya saya kecewa degan pelayanan kai karna tidak mau mendengar kan penjelasan,1,2026-07-01 17:20:07,negative,positive
tambah susahnyari tiketnya lama lama kayak thai nyari tiket kyak nyari emas susah emang g jlas ni aplikasi,2,2026-07-01 17:16:32,negative,negative
aplikasi banyak bug ga nampilin tiket kereta fitur transfer tiket ga jelas,1,2026-07-01 17:02:36,negative,negative
sangat membantu,5,2026-07-01 14:11:44,positive,positive
aplikasi banyak bug,1,2026-07-01 14:05:05,negative,negative
,5,2026-07-01 12:19:07,positive,positive
sulit digunakan ramah user,1,2026-07-01 11:05:31,negative,positive
aplikasi yg mudah digunakan efisien,5,2026-07-01 10:55:46,positive,positive
terimakasih atas bekerja keras,5,2026-07-01 10:39:44,positive,positive
beli tiket aja susah masa tg sampe kosong mulu terus aplikasi buat apa klo susah,1,2026-07-01 10:17:54,negative,negative
bagus banget,5,2026-07-01 10:08:58,positive,positive
aplikasi aneh sempat daftar dengan nomor telepon membeli tiket upgrade member ketika upgrade member memilih menggunakan akun tetap diharuskan mengisi kolom nomor telepon tidak menggunakan nomor sama,1,2026-07-01 09:26:24,negative,negative
cukup membantu bermanfaat sekali jangan dibikin ribet udh mah order sendiri,5,2026-07-01 09:21:34,positive,negative
terima kai,5,2026-07-01 05:53:02,positive,positive
kereta segala aktivitas lancar,5,2026-07-01 05:44:31,positive,positive
praktis,5,2026-07-01 05:33:15,positive,positive
udah bayar pesanan tiket muncul saldo udah terpotong akhirnya beli tiket muncul tiketnya jadi tiket pertama yg udah byr hangus ilang saldonya gimana perbaiki chat cs yang blas bot kok teliti banget jadi rugi beli tiket gak muncul tiketnya tolong perbaiki,1,2026-07-01 05:27:05,negative,negative
i have a great experience using access by kai the app is user friendly the booking process is simple and it provides helpful information about train schedules and tickets highly recommended for travelers,5,2026-07-01 04:52:32,positive,positive
gak pilih kursi padal udah upgrab tetep gabisa,1,2026-07-01 04:07:17,negative,negative
pt kai aplikasinya sangat ribet sekali tiket beli muncul mending manual aja di kaji ulang aplikasinya,1,2026-07-01 04:01:41,negative,negative
top markotop,5,2026-07-01 03:11:26,positive,positive
sippppppppp aplikasi lancar bermanfaaat sekali,5,2026-07-01 02:40:09,positive,positive
aplikasi resmi pemesanan tiket kereta api cek jadwal mengelola perjalanan kereta mudah,5,2026-07-01 02:22:06,positive,positive
good job,5,2026-07-01 01:35:49,positive,positive
sistem komplain nya ribet disuruh menunggu terus baik chat ataupun telpon pembayaran kalo masuk jadi susah tracking kurang sat set perbaiki dong,1,2026-07-01 01:35:40,negative,negative
entah kalo nyari kereta tiba tiba ga kereta sama sekali full semua hari eror butuh sistem nya kacau,1,2026-07-01 01:35:23,negative,negative
lag cepet benerin mau pesan tiket niiii woy,5,2026-07-01 01:28:42,positive,negative
,5,2026-07-01 01:13:16,positive,positive
manfaat,5,2026-06-30 23:44:27,positive,positive
puas bermanfaat,5,2026-06-30 23:23:01,positive,positive
mamtab kurang cuma ga diskon,5,2026-06-30 22:57:39,positive,positive
mantap,5,2026-06-30 20:17:05,positive,positive
aplikasi buruk udah bayar kok menunggu pembayaran aplikasi rusak,1,2026-06-30 18:17:25,negative,negative
aneh udah booking tiket pas bayar saldo udah berkurang di aplikasi nya tertulis lunas,1,2026-06-30 18:10:01,negative,negative
uang sering hilang pembayaran berhasil saldo kepotong kebanyakan korupsi nih kai,1,2026-06-30 17:41:32,negative,negative
saldo terpotong tiket terbeli,1,2026-06-30 17:25:32,negative,negative
menarik,5,2026-06-30 15:43:09,positive,positive
mantap,5,2026-06-30 14:46:01,positive,positive
mau beli tiket upgrade member basic daftar tulisannya berhasil lanjut beli tiket eh malah disuruh daftar member sampai berkali tetap bisa,1,2026-06-30 14:39:02,negative,negative
update terbaru pemilihan jadwal kereta hari pilih memuat jadwal biasa memuat gambar palang kereta ada jadwal hari setelah coba hp lainya begitu juga masalah koneksi saya coba wifi paket data berbagai operator hasilnya sama tolong pihak kai atasi masalah,1,2026-06-30 14:14:33,negative,negative
bagus banget pelayanannya,5,2026-06-30 14:05:12,positive,positive
pembatalannya susah banget padahal jelas udah tak centang namanya bilangnya blum nama yg terkait,1,2026-06-30 13:15:11,negative,negative
kereta nya nyaman banget,5,2026-06-30 12:14:20,positive,positive
access by kai aplikasi resmi pt kereta api indonesia buat booking tiket kereta api antarkota lokal lrt kcic whoosh semua urusan perkeretaapian jadi gampang lewat hp fitur andalannya pemesanan h pemilihan kursi langsung boarding pass digital fitur reschedule pembatalan online sekalian pesen makanan kereta cek info kedatangan real time,5,2026-06-30 11:58:08,positive,positive
bug jadwal tiket tersedia terus,1,2026-06-30 11:44:27,negative,negative
mantap,5,2026-06-30 11:28:41,positive,positive
mulai bagus aplikasinya,5,2026-06-30 11:23:23,positive,positive
apk aneh banyak bug masa tbtb jadwal kereta kosong semua gajelas,1,2026-06-30 10:19:35,negative,negative
baru pertama kali pakai udah kendala,2,2026-06-30 09:29:22,negative,positive
lancar kendala berarti,5,2026-06-30 09:14:35,positive,positive
aplikasi ga jelas,1,2026-06-30 08:48:26,negative,negative
aplikasi parah pas bagian id gk di sentuh,1,2026-06-30 08:34:28,negative,negative
memudahkan sekali pemesanan tiket kereta tampilan yg sangat jelas mudah dipahami,5,2026-06-30 07:54:20,positive,positive
bagus,5,2026-06-30 07:01:44,positive,positive
proses pesan udah kadaluarsa pesan ulang lg bilangnya booking,2,2026-06-30 06:57:24,negative,negative
suka error tiba tiba pas mau pesen tiket,1,2026-06-30 06:16:18,negative,negative
aplikasi taik bisa daftar basis bikin kouta internet habis,1,2026-06-30 06:00:48,negative,negative
baik,5,2026-06-30 05:44:40,positive,positive
halo developer mohon tetap dukungan aplikasi samsung a f terimakasih,1,2026-06-30 05:32:46,negative,negative
sampah semua rute tiket habis,1,2026-06-30 04:41:47,negative,negative
bagus satsett,4,2026-06-30 03:09:58,positive,positive
bug loading pas select data penumpang,1,2026-06-30 02:46:12,negative,negative
layanan selalu yg terbaik,5,2026-06-30 02:13:18,positive,positive
bagus pindahkan riwayat pemesanan traveloka app kai mengcover pembatalan makasih trus tingkatkan pelayanan,5,2026-06-30 02:07:06,positive,positive
aplikasi kocak padahl lgsg dr kai tolonglah petingginya kerja yg benar profesional sperti jaman sblum nya,1,2026-06-30 01:13:49,negative,negative
semoga semakin maju,5,2026-06-30 00:19:59,positive,positive
,5,2026-06-29 23:51:37,positive,positive
access by kai memberikan pengalaman sangat baik merencanakan perjalanan kereta api proses pemesanan tiket cepat antarmukanya mudah dipahami informasi perjalanan disajikan jelas semoga aplikasinya terus ditingkatkan semakin stabil menghadirkan fitur fitur baru bermanfaat,5,2026-06-29 18:19:07,positive,positive
baik,5,2026-06-29 17:15:56,positive,positive
diperbaiki bug nya saya mau membayar dibatalkan gak bisa harus nunggu waktunya habis,1,2026-06-29 17:15:43,negative,negative
bagus,5,2026-06-29 14:41:31,positive,positive
bismillah saat download tambahkan pilihan perangkat mana digunakan akan jadi salah satu penunjang verifikasi kyc auto kedetect untuk pribadi kegiatan usaha jenisnya arahan saran dokumen apa dilengkapi jadi tak perlu banyak nomor membuat direject sana sini regulasi perbankan keuangan yang tumpang tindih sinkronisasi proxy lebih mudah meski satu nomor beda email satu nomor beda device business trip pribadi,1,2026-06-29 14:23:16,negative,negative
aneh aplikasi jadwal tersedia semua pas ngecek aplikasi traveloka tiketcom maksudnya gimana gajelas,1,2026-06-29 14:09:03,negative,negative
aplikasi memudahkan pemesanan tiket kereta pilihan metode pembayaran memiliki banyak pilihan,5,2026-06-29 14:05:17,positive,positive
a well designed app that makes booking train tickets quick easy and hassle free,5,2026-06-29 14:05:06,positive,negative
sangat membantu,5,2026-06-29 13:12:44,positive,positive
pesan railfood online eror ga notifikasi udahan dibayar,1,2026-06-29 13:03:55,negative,negative
top,5,2026-06-29 12:55:59,positive,positive
mantappp,5,2026-06-29 12:14:37,positive,positive
aplikasi binatang mau verifikasi akun malah keluar sekarang malah dblokir gara sering minta verifikasi pdhal aplikasinya aja kayak guguk,1,2026-06-29 11:54:48,negative,negative
selesai transaksi kok gak login aplikasi,1,2026-06-29 11:21:13,negative,negative
bagus,5,2026-06-29 10:43:39,positive,positive
okey,4,2026-06-29 09:59:16,positive,positive
pemeliharaan terus gimana d apk temen ku nggak lucu,1,2026-06-29 09:18:05,negative,negative
,5,2026-06-29 08:48:42,positive,positive
sangat memuaskan,5,2026-06-29 08:48:04,positive,positive
aplikasi yg membantu,5,2026-06-29 07:02:08,positive,positive
good,5,2026-06-29 06:36:27,positive,positive
tiket sering ngga muncul selalu muncul jadwal perjalanan tersedia padahal ingin cari rute yk gmr yg paling banyak perjalanannya,1,2026-06-29 05:27:01,negative,negative
aplikasi sangat bagus,5,2026-06-29 05:01:46,positive,positive
enak,5,2026-06-29 03:25:41,positive,positive
aplikasi ruwet andak arep tuku tiket ruwet e ngalah i arep lungo neng korea,1,2026-06-29 03:10:39,negative,negative
bisa sortir,4,2026-06-29 02:25:50,positive,negative
lemot banget skrng masa disuruh login terus kaipay nya gak jelas time out terus gajes nih applikasi pembatalan tiket gak not found terus,1,2026-06-29 01:46:38,negative,negative
rating jadwal lengkap kereta lokal,1,2026-06-29 01:25:16,negative,negative
aplikasi yg oke,5,2026-06-29 00:18:28,positive,positive
,5,2026-06-28 23:24:26,positive,positive
banyak krl ga sesuai jadwal,2,2026-06-28 23:17:08,negative,negative
prosesnya lama pengembalian dana pembatalan tiket parah banget padahal butuhin banget dana nya giliran proses boking tiket buru di lunasin hitungan menit,1,2026-06-28 23:17:07,negative,negative
mudah digunakan,5,2026-06-28 23:01:31,positive,positive
lemot aplikasi apa g pilih kursi,1,2026-06-28 21:18:08,negative,positive
aplikasi lemot banget pembayaran tiba tersambung lalu bagian tiket tidak cara pembayaran yg d klik bener menghabiskan waktu akhirnya terbatalkan sistem,1,2026-06-28 18:02:51,negative,negative
membantu kelola tiket kai,5,2026-06-28 16:13:41,positive,positive
cukup membantu,5,2026-06-28 16:08:27,positive,positive
aplikasi kompatibel lagi dengan perangkat bertahun tahun pake tiba tiba teu pake deui nyaman,1,2026-06-28 15:21:20,negative,positive
mau pesen tiket upgrade member basic ketika memasukkan nomor hp keterangan nomor hp terdaftar kl di upgrade tdk beli tiket online padahal dulu mudah lho knp skrg jd begini,4,2026-06-28 14:39:26,positive,negative
bug nya semakin parah segera diatasi pengen pesen tiket kereta luar kota lama banget gara bug,2,2026-06-28 14:25:38,negative,negative
sangat membantu sangat akurat,5,2026-06-28 14:09:55,positive,positive
sangat bagus cepat,5,2026-06-28 13:45:31,positive,positive
aplikasinya sangat membantu,5,2026-06-28 13:41:24,positive,positive
mudah penggunaan,5,2026-06-28 13:05:28,positive,positive
please,4,2026-06-28 12:43:21,positive,positive
gajelass verif identitas kok force close trusss,1,2026-06-28 12:19:04,negative,negative
sangat membantu,5,2026-06-28 10:58:21,positive,positive
sangat mempermudah sekali,5,2026-06-28 10:00:40,positive,positive
alhamdulillah semakin baik,5,2026-06-28 09:38:01,positive,positive
dulu gampang banget buat daftar sekarang susah minta ampun sudah berkali kali daftar mau berangkat besok susah banget sih pas udah jadi sering log out sendiri giliran mau masuk sandi disalahin mulu padahal udah bener sudah tulis kertas ahhh ribet sekarang,1,2026-06-28 09:32:24,negative,negative
makin kesini aplikasi sering gangguan pembelian goshow,1,2026-06-28 08:44:32,negative,negative
pelayanan cs bagus,5,2026-06-28 08:29:20,positive,positive
pelayanannya sangat baik lebih tingkatkan,5,2026-06-28 08:10:52,positive,positive
oke,5,2026-06-28 07:40:07,positive,positive
diperberbaiki disaat hendak melakukan pembayaran via e wallet selalu tulisannya error setelah back mengganti metode pembayaran malah langsung menu utama paling nyebelin disaat mau mesen tidak karena katanya tiket di booking lalu loading nya lama banget pliss dipermudah kedepannya,1,2026-06-28 07:32:19,negative,positive
buruk apk buruk suka eror,1,2026-06-28 06:52:21,negative,negative
mempermudah,5,2026-06-28 06:49:28,positive,positive
app nyaa emng suka error apa gmn pas ngecek ga lama kemudian jadwal tersedia,1,2026-06-28 05:56:20,negative,negative
mempermudah registrasi,5,2026-06-28 05:10:06,positive,positive
membantu cari jadwal e berangkatan trims,5,2026-06-28 04:27:36,positive,positive
cepet bagus,5,2026-06-28 03:24:58,positive,positive
daftar susah mau masukin otp email selalu tiba tiba keluar sampe kali bikin email sama no hp terkait jadi lock sendiri sampe jam aneh padahal mau daftar doang loh,1,2026-06-28 03:05:24,negative,negative
kesal kali sama app login terus disuruh ganti password udah ganti malah gak login kek mana nyaa,1,2026-06-28 00:25:51,negative,negative
makin update makin jelek mna sering eror lgii dong pt kai diperbaiki lagii,1,2026-06-28 00:21:06,negative,negative
mantap,5,2026-06-27 23:52:28,positive,positive
sangat membantu mudah cepat prosesnya,5,2026-06-27 23:11:53,positive,positive
saran limit booking jangan dibatasi per hari booking melihat kursi tersedia beberapa kereta giliran mau beneran booking udah gak muncul dinotif bisa lakukan booking batasnya x per hari,4,2026-06-27 22:37:42,positive,negative
aplikasinya cukup bagus sangat ramah anak lansia difabel orang butuh pendampingan pemilihan kursi ditentukan komputer waktu pemesanan tiap detik sungguh berharga bagi tidak memiliki hp spek tinggi jaringan internet memadai saatnya kai mengadopsi sistem ai bisa mengenali subyek berkebutuhan khusus butuh pendampingan kai milik rakyat bukan orang dewasa sehat perorangan,4,2026-06-27 18:08:03,positive,positive
lemotttttt,1,2026-06-27 17:47:24,negative,positive
good job,5,2026-06-27 17:44:11,positive,positive
buruk mempersulit update malah tampilan nya gak karu an,1,2026-06-27 17:27:17,negative,negative
aplikasi banyak errornya,1,2026-06-27 17:24:35,negative,negative
update bukannya makin bagus malah makin kacau mau beli tiket bayi error trus war tiket jam selalu dapet kursi padahal dulu aman aja update,1,2026-06-27 17:17:26,negative,negative
klik pembatalan gk langsung dibatalkan mau bayar pakai spay gk nyambung akhirnya gk kebagian kursi buat jam yg aku inginkan gk pembatalan waktunya habis,2,2026-06-27 17:16:44,negative,negative
terbaru sangat sulit pembokingan sering bgt muncul alarm cannot booking diperbaiki bug nya,2,2026-06-27 17:13:51,negative,negative
apk semakin upgrade jdi ngawur masa sy mesen buat seminggu kedpnnya malah udh abis pdhl bru jam kecewa sih sama apk kai,1,2026-06-27 17:08:23,negative,negative
aplikasi apaan disurung update beli tiket malah nggk bisa updatenya,1,2026-06-27 15:08:11,negative,negative
sering eror,1,2026-06-27 14:39:18,negative,negative
malah makin parah ni access,1,2026-06-27 14:30:28,negative,negative
baik,5,2026-06-27 13:56:14,positive,positive
mantap jiwa,5,2026-06-27 13:53:35,positive,positive
terbaekk,5,2026-06-27 13:35:17,positive,positive
terima kasih kemudahan akses lewat digital perlu jauh loket stasiun mantap kai,5,2026-06-27 13:18:56,positive,positive
access by kai semakin oke,5,2026-06-27 13:11:07,positive,positive
loveit,5,2026-06-27 13:04:02,positive,positive
nice,5,2026-06-27 12:46:01,positive,positive
sangat membantu,5,2026-06-27 12:25:52,positive,positive
baik,5,2026-06-27 11:02:07,positive,positive
sangat baik,5,2026-06-27 10:55:29,positive,positive
josjis,4,2026-06-27 10:45:11,positive,positive
sangat memuaskan,5,2026-06-27 10:09:45,positive,positive
aplikasi jelek sistemnya lambat waktu pembayarannya kalo waktunya abis semua pembayaran tiket pesan batal semua emang kamu kira lomba tebak kata apa aplikasi gak kompeten sampah kalo gak terima kritikan mending buang proyek aplikasimu,2,2026-06-27 09:50:11,negative,negative
udh update semua tiket tetep ga muncul udh beberapa kali sy coba,1,2026-06-27 09:23:38,negative,negative
sayang ga permium yang blom punya ktp saya,5,2026-06-27 09:09:00,positive,negative
oke,5,2026-06-27 09:03:02,positive,positive
aplikasi rusak awalnya sistem meminta untuk mengupgrade basic member sudah mengisinya gak mengubah email sistemnya mau sudah terdaftar mencoba mengulangi nya beberapa kali tetap sama harus kesana membeli tiket sendiri aplikasimu rusak saya ingin sistem diperbaiki kalo ini sama tidak berguna yang menggunakannya,2,2026-06-27 08:55:28,negative,negative
lebih mudah beli online,5,2026-06-27 08:19:35,positive,positive
aplikasi keren,5,2026-06-27 07:34:03,positive,positive
baru buka aplikasi mnt gampang down servernya,4,2026-06-27 07:23:16,positive,positive
bukannya mempermudah malah makin sulit pesan tiket pake aplikasi ribed,1,2026-06-27 07:08:59,negative,negative
sangat baik,5,2026-06-27 06:21:58,positive,positive
pemeliharaan ulang aplikasi membuat pengguna bisa melihat tiket telah beli mohon segera diperbaiki secepatnya,2,2026-06-27 04:20:07,negative,positive
mantap,5,2026-06-27 04:14:31,positive,positive
baik,5,2026-06-27 03:18:09,positive,positive
sangat mudah digunakan sangat mudah dipahami,5,2026-06-27 02:09:21,positive,positive
bagus,5,2026-06-27 01:37:05,positive,positive
,5,2026-06-27 01:31:25,positive,positive
aplikasi sering maintenace dihapus aja aplikasinya kalo sanggup bikin aplikasi biar akses via web browser hp lebih ringan tidak error maintenace,1,2026-06-27 01:14:13,negative,negative
aplikasi perlu dibenahi,1,2026-06-27 00:36:21,negative,positive
good bgt,5,2026-06-27 00:23:08,positive,positive
mau refund malah bisa kodenya udah benar malah salah kata server,1,2026-06-27 00:15:08,negative,negative
tampilan mudah pahami banyak promo menarik akhir liburan sekolah tetap banyakin promo karna liburan berkunjung orang tua masih,5,2026-06-26 23:24:02,positive,positive
,5,2026-06-26 22:56:49,positive,positive
memuaskan,5,2026-06-26 22:36:33,positive,positive
sangat membantu,5,2026-06-26 22:30:04,positive,positive
sangat mengecewakan beli tiket seat buat keluarga entah lanjut pembayaran tiba tiba pesan waktu habis padahal ngga kendala kesalahan saat isi data keluarga di ulang ada pesan boleh booking lebih seat perhari nya akhirnya pakai aplikasi agar seat nya bersama keluarga,1,2026-06-26 21:31:22,negative,negative
aplikasi kai mmg keren,5,2026-06-26 18:08:31,positive,positive
makin kesini makin gajelas aplikasi udah loading lama udah masuk tinggal pilih kursi eh tiba ga dikembalikan tiketnya udah habis,1,2026-06-26 17:41:12,negative,negative
jam malam loh bela belain keterangan tersedia pas opsi ubah kursi keterangan tempat duduk mana kalau mau ngulang awal nunggu menit sampe lewat menit tempat duduknya habis gimana nggak emosi ada calo apa gimana sih didalam kai susah banget mau pesan tiket padahal h sesuai peraturan tolonglah sistemnya dibenerin mau pesan tiket aja dipersulit banget,1,2026-06-26 17:37:42,negative,negative
aplikasi benerin ilang muncul ilang muncul terus jadwalnya orang mau beli jadi susah min min aplikasi bumn kok kaya sampa gerbongnya dibanyakin kuala stabas s pekerja susah mau cari tiket buat pulang perginya kai berbenah,1,2026-06-26 17:34:47,negative,negative
sangat membantu dalam perjalanan pun,5,2026-06-26 15:19:00,positive,positive
jadwal ditemukan seperti traveloka,1,2026-06-26 15:02:27,negative,negative
jos gandos,5,2026-06-26 14:44:04,positive,positive
aplikasi gak jelas error,1,2026-06-26 14:43:23,negative,negative
jadwalnya tulisannya jadwal kereta tersedia terus pdhl nya tb malah kaya gitu aneh,1,2026-06-26 14:01:23,negative,negative
dulu beli tiket kereta antre panjang stasiun sekarang menit handphone beres tinggal scan qr pintu masuk pemilihan kursi mudah aplikasi beneran membantu,5,2026-06-26 13:55:46,positive,positive
waktu buka aplikasi seringkali tiba login registrasi ulang jadi ga masuk aplikasi ingin pesan tiket,2,2026-06-26 12:49:54,negative,negative
diupdate semakin buruk,1,2026-06-26 11:50:57,negative,negative
oke,5,2026-06-26 11:14:20,positive,positive
goooooood,5,2026-06-26 11:06:28,positive,positive
keren meski error menghubungkan spay access,4,2026-06-26 10:49:48,positive,negative
pokoke josss semakin baik kai qu,5,2026-06-26 09:58:11,positive,positive
mw beli tiket notif request terlalu banyak gajadi dapet tiket pembaruan aplikasi malah jadi gini sangat mengecewakan,1,2026-06-26 09:50:48,negative,negative
hari jum at juni kecewa sama kereta purwojaya antri kereta makan akhirnya giliran pesan air mineral sama cuanki pukul pesan bayra pakai qris menunggu airnya panas kata pramugaranya menunggu kereta makan hampir satu jam berlalu diantar depan sudah diantar padahal pesan duluan selisih lama aku jalan tempat pemesanan tanya kok pesanyan belum diantar jawabnya maaf,2,2026-06-26 09:37:03,negative,negative
sangat mudah penggunaannya,5,2026-06-26 09:21:42,positive,positive
bagus cuma bug pas mau pake keyboard jadi lemot,5,2026-06-26 07:52:32,positive,positive
bagus banget,5,2026-06-26 07:28:52,positive,positive
cepat mudah,5,2026-06-26 07:06:06,positive,positive
edit ulasan kalinya hari tanggal juni diskon liburannya oke jadwal kereta ga muncul meski ganti jadwal meski ambil jauh hari meski minta tampilkan tiket yang habis gak muncul maksudnya apa ga milih apa kalau gada kereta yang ditampilkan,2,2026-06-26 06:50:19,negative,negative
mantapp,5,2026-06-26 06:45:33,positive,positive
mantap,5,2026-06-26 06:22:48,positive,positive
jos,4,2026-06-26 06:06:40,positive,positive
,5,2026-06-26 05:48:35,positive,positive
skrang ribet apalikasi nya pesan hrus nulis no ktp klu ketinggalan ktp nya gimna enakan yg aplikasi seblm ny,4,2026-06-26 05:27:48,positive,negative
tidak install aplikasi nya apa khusus buat yg kerja apa gimana tlg lah buat install semua hp di kai kereta gk kalau dah pesen di batalkan ke stasiun di batalkan install aplikasi kai access tp gk di install kan repot,1,2026-06-26 05:21:58,negative,negative
bahagia,5,2026-06-26 05:06:16,positive,positive
memudahkan menyenangkan aman nyaman,5,2026-06-26 04:00:23,positive,positive
benerin apk ny masa mau ganti sandi dengen minta kode verifikasi apk ny malah minta sandi lama kan udah tau lupa sandi yaa malah minta sandi lama dibenerin,1,2026-06-26 03:13:31,negative,negative
berpergian sangat terbantu aplikasi semoga semakin smooth aplikasi kai,5,2026-06-26 01:13:01,positive,positive
aplikasnya aneh bgt masa tiba logout pas mau masuk susah coba pake nomor hp pas masuk data sebelumnya hilang isi terus tiba data yg katanya udh terdaftar kan data yg sebelumnya diisi pasti dah terdaftar,1,2026-06-26 00:40:32,negative,negative
sangat membantu,5,2026-06-26 00:40:28,positive,positive
membantu,5,2026-06-25 23:46:24,positive,positive
good,5,2026-06-25 23:42:47,positive,positive
susah beli tiket online,1,2026-06-25 22:20:24,negative,negative
bagaimana transaski krl jam pagi gila gilanya sebisa mungkin pergantian hari jam malam malah jam pagi tidak di scan again tiketnya haduhhh,1,2026-06-25 22:13:57,negative,negative
kai thankyou so much you help us so much,5,2026-06-25 17:52:42,positive,positive
sebelumnya bintang sekarang kasih update versi terbaru kudu daftar member basic lanjut isi kolom nomor hp susah klik ketik nomor hp ribet banget dahhhhhh,2,2026-06-25 17:51:15,negative,negative
aplikasi gak jelas tulisan tersedia waktu klik muncul tulisan no seat available kalau gak niat book sistem online jangan paksa in habisin waktu aja,1,2026-06-25 17:19:16,negative,negative
,5,2026-06-25 17:12:13,positive,positive
aneh nyari jadwal kereta kosong semua,1,2026-06-25 14:49:24,negative,negative
cukup membantu,5,2026-06-25 14:11:08,positive,positive
halo access untuk refund perhatikan karena sudah berkali kali mencoba tidak bisa untuk merefund,2,2026-06-25 13:45:19,negative,negative
josjis,5,2026-06-25 12:58:52,positive,positive
pembayaran shopee pay gajelas error mulu,2,2026-06-25 12:58:42,negative,negative
aksesnya mudah user friendly,5,2026-06-25 12:33:14,positive,positive
,5,2026-06-25 12:06:57,positive,positive
joooozzzz,5,2026-06-25 12:06:12,positive,positive
pembaruan makin kacau baru mau buka aplikasi metal lg pbaruan bukanya bagus malak login,5,2026-06-25 11:42:46,positive,positive
apaan sih apk it nya oon di pake aja baru liat keluar sebentar masuk dah gak semua jadwal semua tanggal gak it loe kurang pinter ganti malu maluin aja kereta penuh terus bayar it jangan murahan,1,2026-06-25 10:53:24,negative,negative
kualitas aplikasinya jelek sering gangguan nyari tiket kereta,1,2026-06-25 10:28:07,negative,negative
pembelian tiket kereta api antarkota kereta lokal hingga layanan commuter krl melacak posisi kereta real time melihat pembaruan status jadwal,5,2026-06-25 09:20:43,positive,positive
aku selalu suka mengunakan kai online terlalu repot beli ditempat terimakasih aku sukaa sekali,5,2026-06-25 09:10:01,positive,positive
mantab sekali sangat membantu sangat mudah fahami sangat rekomended semua coyy,5,2026-06-25 08:47:02,positive,positive
this app makes train ticket booking simple and efficient,5,2026-06-25 08:40:00,positive,negative
praktis ekonomis,5,2026-06-25 08:18:21,positive,positive
aplikasi sangat mudah dimengerti terkait fiturnya memudahkan berpergian jauh mudik kampung halaman,5,2026-06-25 08:11:51,positive,positive
kai semakin didepan,5,2026-06-25 07:48:09,positive,positive
mau cari tiket antar kota kok semua jadwal tersedia ini aplikasinya,1,2026-06-25 07:17:29,negative,negative
aplikasinya membingungkan mau update basic aja bisa tanya call center kai jawab robot terlalu lama suruh menunggu,1,2026-06-25 07:14:45,negative,negative
kembalikan tampilan pemilihan kursi sebelumnya sekarang bikin sulit milih kursi kmren dah bener bagus mudah,5,2026-06-25 06:43:41,positive,positive
akses cepat,5,2026-06-25 05:48:42,positive,positive
jelas tiba tiba ada jadwal keberangkatan aneh keluar dikit hilang keluar dikit hilang,1,2026-06-25 05:47:30,negative,negative
selalu nyaman melakukan perjalanan bersama kai,5,2026-06-25 05:25:07,positive,positive
terima kasih atas pelayanan terbaiknya,5,2026-06-25 05:11:30,positive,positive
mantap,5,2026-06-25 04:50:34,positive,positive
the best,5,2026-06-25 04:40:05,positive,positive
mudah pesan midah refund,5,2026-06-25 02:17:49,positive,positive
good job,5,2026-06-25 01:31:19,positive,positive
bisa buat jadi member,1,2026-06-24 22:55:42,negative,negative
ya gak download,5,2026-06-24 22:29:18,positive,negative
bagus,5,2026-06-24 21:03:42,positive,positive
bagus kadang error bikin ngeselin,5,2026-06-24 17:33:33,positive,positive
,5,2026-06-24 15:43:40,positive,positive
bagus,5,2026-06-24 15:38:04,positive,positive
bagus,5,2026-06-24 14:55:22,positive,positive
ribet metode pembayaran minim,1,2026-06-24 14:52:35,negative,positive
aplikasi lamaa pas mau liat lowest price malah bisa hdehh,1,2026-06-24 14:16:32,negative,negative
baik sekali,5,2026-06-24 13:25:35,positive,positive
mudah digunakan akurat,5,2026-06-24 13:05:52,positive,positive
sangat bagus,5,2026-06-24 12:55:46,positive,positive
sangat membantu,5,2026-06-24 12:50:44,positive,positive
puas,5,2026-06-24 12:11:04,positive,positive
mantab,5,2026-06-24 11:42:51,positive,positive
sangat membantu,5,2026-06-24 11:19:29,positive,positive
memudahkan sekali buat pemesanan,5,2026-06-24 11:19:09,positive,positive
good service,5,2026-06-24 10:40:31,positive,positive
aplikasi pemerintah sllu aja sering error kapan majunya,1,2026-06-24 09:26:58,negative,negative
tolol aplikasi pesen tiket tanggal knp terbit tanggal minta tukar jadwal malah gk kan tolol,1,2026-06-24 09:14:38,negative,negative
mohon waktu pemesanan minimal menit jd ga ulang wkwkwk,5,2026-06-24 08:04:06,positive,positive
dulu pelanggan setia kai ampunn aplikasi eror terus tiket langsung habis menit bangku penuh kenyataan gerbong banyak yg kosong pembayaran sulit suka erorr dong perbaiki jadi kapok males pake transportasi kereta api lagii,2,2026-06-24 06:29:22,negative,negative
,5,2026-06-24 05:54:23,positive,positive
ga di akses tiketnya muncul,1,2026-06-24 04:45:39,negative,negative
like,5,2026-06-24 04:41:13,positive,positive
mantap,5,2026-06-24 03:58:20,positive,positive
mau cancel tiket kereta tidak alasan penumpang bukan yg punya aplikasi padahal aplikasi sendiri penumpang saya sendiri jelek banget kai ini,1,2026-06-24 03:24:15,negative,negative
oke,5,2026-06-24 02:59:09,positive,positive
dikit dikit sering eror bikin orang males,1,2026-06-24 02:57:26,negative,negative
pesen tiket kereta sekarang gampang banget jadwal harga kursi langsung keliatan check in pake qr code jadi ga perlu print tiket notifikasi gate jadwal berangkatnya akurat bayar pake linkaja qris cepet,5,2026-06-24 02:47:11,positive,positive
bagus,4,2026-06-24 00:52:47,positive,positive
okey,5,2026-06-24 00:47:21,positive,positive
update aplikasi suka error tiba tiba semua jadwal tersedia baik tanggal tujuan mana kira awalnya memang habis saat cek tujuan dan tanggal tetep tersedia padahal biasanya setidaknya,1,2026-06-24 00:34:29,negative,negative
buat aplikasi nya oke pelayanan kai nya oke banget kemarin akun ku kadaluarsa pan masuk ternyata jadi aku baru masalahnya tiket mau dipakai besok lusa nah pas aku chat bantuan tanggapi iyaa aga lama aku cat setengah malam jawaban pas setengah satu yaa tetep balik akun semua aku seneng banget intinya jangan ragu buat download karna oke banget,5,2026-06-24 00:29:16,positive,positive
aplikasi membantu bangeet booking lewat online proses pembatalan tiket mudah,5,2026-06-24 00:14:08,positive,positive
bagus,5,2026-06-23 23:52:54,positive,positive
pelayanannya sih oke kursinya gak sesuai ekspetasi kereta ekonomi jadi malaes pesen tiket kereta diperbaiki,2,2026-06-23 21:51:43,negative,positive
bagus,5,2026-06-23 20:55:06,positive,positive
sangat bermanfaat,5,2026-06-23 15:59:08,positive,positive
keren,5,2026-06-23 15:22:20,positive,positive
mungkin di tambahkan metode pembayarannya e wallet gopay di benarkan menghubungkan e wallet,5,2026-06-23 14:02:15,positive,positive
sering trobel tiket lokal,2,2026-06-23 13:36:58,negative,positive
terimakasih,5,2026-06-23 13:36:41,positive,positive
the best,5,2026-06-23 13:14:46,positive,positive
pesen tiket jadi lebih mudah perlu ngantri,5,2026-06-23 12:24:21,positive,positive
jelek sekali sekarang sering gangguan trus mau pesen tiket,1,2026-06-23 10:43:53,negative,negative
bagus pelayanannya,5,2026-06-23 10:17:53,positive,positive
,5,2026-06-23 09:16:19,positive,positive
,4,2026-06-23 08:37:15,positive,positive
tambah mudah mantap,5,2026-06-23 08:00:30,positive,positive
mudah lancar,5,2026-06-23 07:55:34,positive,positive
baik,5,2026-06-23 07:31:01,positive,positive
baik sekali,5,2026-06-23 05:07:55,positive,positive
mau pesan tiket upgrade member basic mau upgrade ga bisa aplikasi ga ini,2,2026-06-23 05:04:59,negative,negative
baik pelayanannya,5,2026-06-23 04:57:22,positive,positive
kai ku selalu error part cari kursi jirrrrrlah,1,2026-06-23 04:51:19,negative,negative
lemot bgt aplikasi jd nya pas masukin nama penumpang,5,2026-06-23 04:02:46,positive,positive
apk lemot sekali,1,2026-06-23 04:00:21,negative,negative
sekarang udah ga atur kursi yaa kalo udah full kursi langsung otomatis dipilihin ga biasa pindah tp caranya gimana dulu aja kok pindah kursi katanya udah full kursi udah gitu kalo mau pesan ulang ga bisa katanya ga bisa pesan jadwal yg sama padahal blm pesen sama sekali,2,2026-06-23 03:50:52,negative,negative
aplikasi yg membantu banget,5,2026-06-23 03:50:09,positive,positive
keren,5,2026-06-23 02:23:43,positive,positive
buat jalur kayu tanam payakumbuh banyak diminati,5,2026-06-23 02:01:06,positive,negative
bagus,5,2026-06-23 01:52:14,positive,positive
menghemat lisa biaya,5,2026-06-23 00:16:32,positive,negative
terima kasih,5,2026-06-22 22:12:44,positive,positive
proses refund sangat mudah cepat,5,2026-06-22 20:50:27,positive,positive
tingkatkan dong aplikasi nya pas pesan tiket kereta sering ngebug kadang tampilan daftar tiket kadang tampil daftar tiketnya,4,2026-06-22 14:22:59,positive,negative
cari mau pesen tiket sering keluar tiketnya heddh upgrade malh kayak gini parah sihhh tong donh,1,2026-06-22 14:10:09,negative,negative
,5,2026-06-22 13:53:49,positive,positive
memudahkan pembelian tiket,5,2026-06-22 13:25:47,positive,positive
semakin d perbaiki layanan nya,5,2026-06-22 13:10:48,positive,positive
oke,5,2026-06-22 13:06:45,positive,positive
aplikasi mudah cepat,5,2026-06-22 12:25:19,positive,positive
tiba tiba hilang semua jadwal nya update sama aja,1,2026-06-22 12:19:51,negative,negative
good,5,2026-06-22 11:53:17,positive,positive
mantul,5,2026-06-22 10:52:48,positive,positive
,5,2026-06-22 10:38:30,positive,positive
wow tiketnya sangat murah efisien ketepat waktunya tepat jamnya sangat tepat waktu tidak macet,5,2026-06-22 10:18:12,positive,positive
,5,2026-06-22 10:16:03,positive,positive
gaasss poll,5,2026-06-22 10:15:55,positive,positive
sumpa apk gajelas bgt masa abis beli tiket mau pembayaran suruh sambungkan ovo shopee pay ovo gabisa oke shopee trs waktu udh is is saldo dihubungkan balek apk kai gabisa tiketnya udh booking cmn nunggu pembayaran wkwk lah trs kek mana caraku bayar gada fitur buat bayarnya aneh bgt mau batalin jg gabisa nunggu waktu pembayaran nya habis kocak kocak lucu nih aplikasi,1,2026-06-22 10:01:07,negative,negative
serinh eror update terbaru,2,2026-06-22 09:15:51,negative,positive
memudahkan pembelian tiket kereta proses cepat praktis,5,2026-06-22 08:49:58,positive,positive
,5,2026-06-22 08:22:55,positive,positive
aplikasinya banyak bug order dibayar dibatal ga pesen ga bisa it nya ngapain aja sih bug dulu ga dibenerin,1,2026-06-22 06:49:21,negative,negative
pas mau masukin kode otp dr gmail suka keluar sendiri apa eror gitu apknya mau daftar jadi member kai,2,2026-06-22 05:12:52,negative,negative
apk nya kurang fleksibel,2,2026-06-22 04:17:19,negative,negative
aneh banget ni aplikasi jam masih lihat tiket nya tersedia trus kluar apk mau diskusi terlebih paling diskusi cuma ngomong menit an trus balik apk tiba tulisan kreta api tersedia kira habis tpi smpe bulan berikutnya sama kreta api tersedia pas lihat hp baru masih tersedia tiketnya kl diupdate brrti lebih bagus bukan lebih jelek kai tampilan doang diupdate kualitas minus mkz,1,2026-06-22 02:02:59,negative,negative
kembalikan versi lama update malah ancur cari kereta muncul jadwalnya bukan karna habis mmg jadwal kosong aneh perbaiki min no respon keluhan min,2,2026-06-22 01:47:03,negative,negative
aplikasi lemot,1,2026-06-22 01:42:09,negative,negative
susan bgt mau top up kai paynya least bgt jam lbih nunggu masa iya gbsa,1,2026-06-22 01:35:54,negative,negative
aplikasi bumn memang payah semua,1,2026-06-22 01:27:23,negative,negative
mau pulang lampung jadi telat gara gara kehabisan tiket online offline gak lengkap tiket nya mau pesen tanjung karang ketapang lampung utara gak jadwal,1,2026-06-22 00:23:47,negative,negative
apk lampung busuk,1,2026-06-21 23:35:02,negative,negative
saran buatkan fitur pilihan tampilan tema mode dark itu sangat membantu mengurangi kecerahan saat malam hari,4,2026-06-21 23:25:36,positive,positive
bisa pesan kereta jarak jauh tiket muncul jam cek tiket tersedia terus giliran pakai aplikasi pihak ketiga kan aneh,1,2026-06-21 18:57:22,negative,negative
update mau pesan tiket bner ngga muncul sama sekali anehnya di apk ada tiketnya parah sih mana udah war dr jam malah ngga muncul tiketnya udh pesennya seminggu karena kehabisan terus udah apk nya ngga kecewa,1,2026-06-21 17:08:14,negative,negative
jelek banget aplikasi nya gak login mau masukin kode otp eh malah keluar sendiri itu suruh ngulang,1,2026-06-21 17:01:45,negative,negative
terlalu banyak bug pembayaran,1,2026-06-21 14:22:42,negative,negative
,5,2026-06-21 13:44:07,positive,positive
mantap,5,2026-06-21 12:30:31,positive,positive
josjiss,5,2026-06-21 11:35:28,positive,positive
apknya tambah jelek cacat massa cari tiket mau kereta apapun gk muncul aneh,1,2026-06-21 11:19:09,negative,negative
server diperbaiki jadwal sering muncul bug,2,2026-06-21 11:18:21,negative,negative
aneh sih mau up grade ngeklik no id aja kaga muat kolomnya alias kurang halloooow,4,2026-06-21 11:10:00,positive,negative
sering force close aplikasinya jadi susah buat re login akun mana suka melupakan akun,1,2026-06-21 11:02:58,negative,negative
pesan mudah pembayaran cepat,4,2026-06-21 09:51:21,positive,positive
habis diupdate makin bikin rumit pas metode pembayaran makin ribet hadeh,1,2026-06-21 08:50:21,negative,negative
bgus,5,2026-06-21 07:58:28,positive,positive
x isi saldo lewat aplikasi malah ilang saldonya inii,1,2026-06-21 07:53:15,negative,negative
aplikasi sejak d update jadi buruk,2,2026-06-21 07:17:39,negative,negative
sangat mudah gunakan sangat membantu perjalanan,5,2026-06-21 06:50:56,positive,positive
makin lama makin jelek apknya masak pesan ka area jatim malah kosong terus malah pake apk kan aneh,1,2026-06-21 06:36:55,negative,negative
susah,1,2026-06-21 06:13:48,negative,positive
mantap mudah,5,2026-06-21 02:31:14,positive,positive
sistem bobrok,1,2026-06-21 01:01:24,negative,negative
good,5,2026-06-21 00:37:08,positive,positive
aplikasi sampah,1,2026-06-21 00:28:52,negative,negative
nik ktp ada unsur tanggal bulan tahun lahir baiknya aplikasi mendeteksi otomatis reduksi user perlu memilih tiket reduksi krn lansia,5,2026-06-21 00:02:53,positive,positive
online beli tiket h itu lakukan jam tidak tersedia tempat duduk tidak mendapatkan tiket tersebut di jam yg sama teman dgn trip yg sama dong tiketnya meskipun tempat duduk hari h trip kata temen di ka banyak kursi kosong keren banget gak sich kai,1,2026-06-21 00:01:23,negative,negative
alhamdulillah sangat mudah sekali,5,2026-06-20 22:53:20,positive,positive
pesan tiket susah,1,2026-06-20 18:06:24,negative,negative
bisa nya tiket kertapati baturaja habis tahun depan sedang kan apk ada aneh sekali,1,2026-06-20 17:06:27,negative,negative
tambahkan gerbong,5,2026-06-20 17:02:12,positive,negative
aplikasi sekarang malah tambah jelek memuaskan sama sekali kembalikan aplikasi kai acces dulu,1,2026-06-20 15:41:59,negative,negative
lebih cepat mudah gunakan,5,2026-06-20 15:00:11,positive,positive
suka sering naik kereta tidak aplikasi access by kai sering error top up tidak permbayaran,1,2026-06-20 14:14:09,negative,positive
kai semakin oke,5,2026-06-20 13:17:25,positive,positive
aplikasi cacat top up sulit lama banget saldo masuk nya alhasil pakai aplikasi kai access susah banget reschedule refund tiket sama aplikasi tidak tambahkan di rubah nama nik sama bener bener cacat tdk bisa di pakai baik,1,2026-06-20 12:16:07,negative,negative
membantu sekali,5,2026-06-20 11:21:15,positive,positive
kalau bintang mines mungkin udah pilih makin kesini makin bosok apk mu wooii,1,2026-06-20 09:26:34,negative,positive
mantap,5,2026-06-20 08:48:11,positive,positive
bagus,5,2026-06-20 08:44:38,positive,positive
mantap,5,2026-06-20 08:40:53,positive,positive
keren,5,2026-06-20 06:36:22,positive,positive
sangat memuaskan,5,2026-06-20 06:01:59,positive,positive
lebih ditingkatkan,5,2026-06-20 05:35:26,positive,positive
versi baru lebih baik versi sebelumnya pengoperasian lebih mudah versi sebelumnya,2,2026-06-20 05:22:05,negative,positive
ga daftar akun,5,2026-06-20 05:19:39,positive,negative
bagus sat set,5,2026-06-20 02:52:31,positive,positive
terkadang jadwal kereta tersedia sering gangguan,1,2026-06-20 02:34:27,negative,positive
kai semakin lebih baik pelayanannya krn keluarga pengguna kereta api baik preminum maupun subsidi,5,2026-06-20 02:14:38,positive,positive
saran jadwal tiket terintegrasi dg app calendar lebih efisien hal reminder keberangkatan jg dg fitur notifikasi hari sblm keberangkatan,5,2026-06-20 00:49:58,positive,negative
pesan sempat bayar eror terus perbaiki sistemnya padahal beli dianggap beli tiket,1,2026-06-20 00:44:49,negative,negative
bgus,5,2026-06-20 00:25:55,positive,positive
pemesanan sangat mudah kalau di tambah jatah pemesanan malalui aplikasi,5,2026-06-20 00:05:17,positive,positive
apk nya sedang error apa gimana rasa tadi malam tiket kereta banyak kok tiba habis ada jadwal kereta hilang,5,2026-06-19 23:00:38,positive,negative
terima kasih,5,2026-06-19 21:16:59,positive,positive
aplikasi kai sekarang makin ngga jelas sudah begadang jam malam buat beli tiket kotabumi tujuan tanjung karang start buka aplikasi jam kok jadwal tiket nya sdh habis alangkah cepetnya kursi kereta nya habis dlm hitungan detik siapalah yg borong semua tiket nya dedemit apa manusia serius nanya min biar perbaikan lah kedepannya terima kasih,1,2026-06-19 17:57:51,negative,positive
memudahkan membeli tiket kereta api,5,2026-06-19 17:19:26,positive,positive
aku kasih bintang min gapapa si aku kasih bintang walaupun ke daftar soalnya kode otp nya ga kirim kirim tolong bantu,4,2026-06-19 15:51:51,positive,positive
dih error an buat ganti ganti tgl cek tiket malah error,1,2026-06-19 15:45:23,negative,negative
,5,2026-06-19 15:12:26,positive,positive
tiket terlalu sedikit,1,2026-06-19 12:58:24,negative,positive
faftar basic mental terus aplikasi gak,1,2026-06-19 12:01:55,negative,negative
gampang prosesnya,4,2026-06-19 11:54:49,positive,positive
jos gandos,5,2026-06-19 06:50:13,positive,positive
terima kasih kai respon cepatnya membantu memastikan anak perjalanan jogya jakarta kondisi baik baik sekaitan berkali kali anak tidak dihubungi kai menginfokan mulai boarding jam berapa metode boarding digunakan status perjalanan kereta menugaskan petugas kereta menemui anak sekali layanan yang luarbiasa terimakasih jaya selalu kai,5,2026-06-19 06:14:37,positive,positive
mau login ulang aja ribet bgt,1,2026-06-19 06:06:48,negative,negative
goblookkk waktu terbuang untuk ngurusin masalah error pemesanan tiket,1,2026-06-19 05:21:57,negative,negative
mudah akses mempermudah perjalanan jauh,5,2026-06-19 05:11:13,positive,positive
baik,5,2026-06-19 03:55:37,positive,positive
aplikasinya kasih notifikasi rute jadwal kamu cek tersedia ayo lanjutkan pemesananmu pas dicek habis notifikasinya membantu kak lalu tiket kereta api rajabasa cepat sekali sold outnya update model gerbong mengurangi jumlah tiket tersedia jelas bukan solusi utk problem sulitnya mendapatkan tiket kereta tersebut kai lakukan pembaruan inovasi mengatasi kendala terima kasih,4,2026-06-19 03:27:06,positive,positive
kereeennnnn,5,2026-06-19 03:16:45,positive,positive
cepat respon,4,2026-06-19 01:31:59,positive,positive
bagus,5,2026-06-19 01:26:21,positive,positive
minggu search kereta lokal area lampung aplikasi eror tidak ada rute padahal pesannya seminggu nya di tengah malam wib berasa flashsale saat pesan tiket melalui tiket com ataupun traveloka tidak gangguan pt kai diperbaiki sistem nya,1,2026-06-18 23:56:09,negative,negative
sekarang mau pesen tiket susah banget selalu gada kereta tgl segitu katanya notif suka masuk kalo kereta nya giliran cek gada kereta bener bener sama sekali gada jadwal kereta satu bahkan di ganti tgl nya mengecewakan sekali,2,2026-06-18 23:36:26,negative,negative
baik,5,2026-06-18 22:23:56,positive,positive
kursi tersedia saat pilih kursi dapat kursi sangat mengecewakan,1,2026-06-18 17:24:10,negative,negative
okelah,5,2026-06-18 16:07:00,positive,positive
mantap semakin maju,5,2026-06-18 15:31:28,positive,positive
good,5,2026-06-18 14:25:24,positive,positive
sangat senang skrng lebih mudah pembyran y,5,2026-06-18 13:28:48,positive,positive
apk sangat membantu,5,2026-06-18 12:43:53,positive,positive
semenjak update versi jadi parah kasus yg terjadi pesen tiket bayar berhasil tiket online muncul dgn terpaksa last minutes saya harus beli tiket loket dijanjikan uang tiket tidak tiket jogosemarketo pesen tiket apk tersedia tiket promo pesan selalu gagal datang loket di stasiun tidak dan disarankan utk mencoba jam kedepan tiket yg dituju tiba soldout semua,1,2026-06-18 11:24:12,negative,negative
sangat puas adanya aplikasi kau access,4,2026-06-18 11:23:57,positive,positive
aplikasi sangat membantu untuk mencari tiket kreta harus stasiun,5,2026-06-18 10:53:28,positive,positive
simpel lengkap,5,2026-06-18 09:39:14,positive,positive
aplikasi yg buruk,1,2026-06-18 09:37:08,negative,negative
memudahkan dg pemesanan tiket,5,2026-06-18 09:26:34,positive,positive
cepat,5,2026-06-18 08:39:30,positive,positive
habis diupdate entah sering freeze mau filter kereta aja susah,5,2026-06-18 07:02:10,positive,negative
wonderfull,5,2026-06-18 05:55:18,positive,positive
pemesan cepat bisa lihat harga jadwal keberangkatan ka,5,2026-06-18 04:08:33,positive,negative
,5,2026-06-18 04:06:30,positive,positive
mantab,5,2026-06-18 03:18:03,positive,positive
oke,5,2026-06-17 23:48:06,positive,positive
mudah digunakan ketika bayar beberapakali loadingnya lama,4,2026-06-17 23:06:50,positive,positive
mantap,5,2026-06-17 17:43:04,positive,positive
cepat,5,2026-06-17 17:28:07,positive,positive
dulu kalau pakai app sering trouble loading lama padahal internet lancar pakai qris tp diklik show qr berkali gak muncul tp dibatalin gak juga coba pusat bantuan dikasih menu terus an buat dipilih akhirnya ttp gak menu kendala qr males bgt allah paling gak chat cs langsung gitu biar masalahnya teratasi gitu,2,2026-06-17 15:37:16,negative,negative
aplikasinya ringan hp,5,2026-06-17 15:20:32,positive,positive
update ko malah metode pembayaran nya gajelas si gaada qr,1,2026-06-17 15:18:31,negative,negative
masuk rubah metode bayar eror mulu,2,2026-06-17 15:15:26,negative,negative
error pas melakukan pembayaran,1,2026-06-17 15:06:56,negative,negative
aplikasi access by kai suka eror n d perbaiki sistemnya n kualitas sistemnya mau bayar lemot banget aplikasi n customer service kai lama balasny,1,2026-06-17 15:04:16,negative,negative
error mulu buset mau bayar padahal,1,2026-06-17 15:04:02,negative,negative
reffund susah padahal udah pake layanan reffund udah nambah biaya padahal,1,2026-06-17 14:10:32,negative,negative
susah banget sekarang mau cek jadwal aja ora schedule giliran traveloka schedule nha,1,2026-06-17 13:06:26,negative,negative
sesuai harapan,5,2026-06-17 12:34:21,positive,positive
informatif,5,2026-06-17 12:28:56,positive,positive
simpel no ribet,5,2026-06-17 11:55:39,positive,negative
,5,2026-06-17 11:34:49,positive,positive
mantap,5,2026-06-17 10:58:17,positive,positive
top up kaipay ga masuk komplain jg blm tanggapan kepastiannya ga tiket gara gara ga masuk skr perbaiki dong kai sistem aplikasinya,2,2026-06-17 10:53:24,negative,negative
aplikasinya susah d buka kemaren kemaren sekarang pas butuhkan bnget kok g d buka heduhh,1,2026-06-17 10:52:34,negative,negative
semua jadwal jadi hilang makin ngaco apk padahal dulu oke,1,2026-06-17 10:37:43,negative,negative
update ga kompatibel handphone oppo,1,2026-06-17 10:05:47,negative,negative
makin diupdate makin lemot gk berguna banget aplikasi lihat jadwal kereta yg keluar selalu jadwal kereta tersedia gak jelas aneh perbaiki deh,1,2026-06-17 09:47:12,negative,negative
mantap duit balik,5,2026-06-17 09:29:37,positive,positive
unggal unggal aing rek pesen tiket nu k ai qris dana ges berhasil ai d aplikasi keneh pembayaran ges kali kajadian kie rek nyangsang kamana atuh pira duit k unggal teu muncul,1,2026-06-17 07:33:32,negative,positive
cepat mudah,5,2026-06-17 07:29:00,positive,positive
rudet aplikasinya,1,2026-06-17 06:30:19,negative,positive
memudahkan sekali,5,2026-06-17 06:02:26,positive,positive
proses pelayanan refund tiket berbelit walaupun semua persyaratannya lengkap,2,2026-06-17 04:46:16,negative,positive
update terbaru pilihan stasiun comal kok padahal d aplikasi sudah ada,5,2026-06-17 04:10:07,positive,positive
sangat mudah cepat sekali pemesanan tiket,5,2026-06-17 03:34:14,positive,positive
tiket kereta jurusan kertapati tanjung karang sulit mendapatkan nya mungkin solusi menambah kereta api seperti kereta malam,5,2026-06-17 03:00:15,positive,negative
mudah dipahami digunakan,5,2026-06-17 02:55:53,positive,positive
bagus,5,2026-06-17 01:43:19,positive,positive
pelayan cepat,5,2026-06-17 01:09:46,positive,positive
pesan tiket semakin mudah,5,2026-06-16 23:51:17,positive,positive
cepat tanggap pelayanannya customer service nya oke,5,2026-06-16 19:33:35,positive,positive
piihan penumpang reduksi tersedia didaftarkan sudah menghubungi cs tetap ada pilihan reduksi,5,2026-06-16 17:59:36,positive,negative
ribet,1,2026-06-16 17:20:50,negative,negative
cepat n mudah,5,2026-06-16 15:46:14,positive,positive
kai dibenahi aplikasinya dibukakan fitur layanan pilih kursi jangan dibuat otomatis system diklik bisa gangguan system terus menerus diupdate aplikasi sering loading lama transaksi gagal parahnya sudah jadi bisa pilih kursi semoga kedepan lebih baik,2,2026-06-16 15:35:12,negative,negative
access by kai memang aplikasi perjalanan terbaik indonesia,5,2026-06-16 15:01:13,positive,positive
matap,4,2026-06-16 14:46:49,positive,positive
pembayaran ribet gak ujungnya pembayaran shopeepay aduh ribet jam lbh tinggal bayar muter mulu sekelas bumn aplikasinya ancur tolol chat wa aduh lemot jam gak masuk antrian,1,2026-06-16 12:57:34,negative,negative
aplikasi tolol gk bgt asli,1,2026-06-16 12:49:32,negative,negative
mntap,5,2026-06-16 12:36:08,positive,positive
sangat baik,4,2026-06-16 12:32:45,positive,positive
buruk mau mesan tiket malah jadwal tiket tersedia padahal tiket,1,2026-06-16 12:04:10,negative,negative
sangat membantu,5,2026-06-16 10:59:44,positive,positive
nantap,5,2026-06-16 10:41:49,positive,positive
tampilan kursi penumpang jelek banget,1,2026-06-16 10:35:49,negative,negative
good,5,2026-06-16 09:42:42,positive,positive
cepat,5,2026-06-16 09:12:14,positive,positive
aplikasi apaan sih demen ngeleg down ga jelas betol yaelah braaayy lu knp jadi gembeeelll,1,2026-06-16 08:39:00,negative,negative
gak install padahal device nya mumpuni,1,2026-06-16 07:57:33,negative,negative
lelet baru bulan gak pakai apk kai langsung error,4,2026-06-16 06:21:15,positive,positive
,5,2026-06-16 04:44:57,positive,positive
mantab cmn klo hari libur rada lemot,5,2026-06-16 04:26:49,positive,positive
hallo kai access aplikasi sudah membantu pembelian tiket online tolong perbaiki sistem aplikasi nya setiap kali pengecekan tiket tanggal tertentu beberapa kali nyari tiba tiba eror tanda jadwal pemberakatan kai mohon di perbaiki aplikasinya,2,2026-06-16 03:46:04,negative,negative
,5,2026-06-16 03:30:50,positive,positive
lama utk pembayaran,4,2026-06-16 02:50:13,positive,negative
aplikasi tersedia beberapa kursi giliran klik mau beli g bisa,1,2026-06-16 02:09:22,negative,negative
aplikasi sampah order aja kendala awalnya jadwal lokasi yg tuju tgl tsb baik kelas ekonomi executive mash isi data malah kosong cek tgl berikutnya jg malah gk jadwal klo bikin aplikasi yg bnr aplikasi sampah kyk gni,1,2026-06-16 02:04:24,negative,positive
mantaappo,5,2026-06-16 01:51:08,positive,positive
mantap kai,5,2026-06-16 01:37:36,positive,positive
terimakasih sanget membantu perjalanan semoga lancar selalu pinaringan kelancaran n keselamatan aamiin,5,2026-06-16 00:22:32,positive,positive
sumpah yah baru pertama kali pake konfirmasi email gagal mulu padahal pihak kalian yg lama konfirmasi perbaiki aplikasinya,1,2026-06-16 00:03:06,negative,negative
kai ga mau rugi banyak biaya diluar harga tiket,1,2026-06-15 23:27:59,negative,negative
mudah akses,5,2026-06-15 22:53:16,positive,positive
aplikasi jelek sudah pindah gerbong tempat duduk kok malah dipencar otomatis sama aplikasinya dipencar otomatis stelah bayarrrr gak jelas pesan orang sbelahan pas dibayar orang malah jadi misah gerbong kursi,1,2026-06-15 22:33:49,negative,negative
access by kai aplikasi terbaik,5,2026-06-15 19:40:40,positive,positive
mau hpus akun ga mulu pdhl kode otp nya udh bener tpi kok invalid terus lah masa aplikasi sekelas bumn gini sih,1,2026-06-15 18:55:07,negative,negative
sangat suka sekali pembatalan tiket sangat lah mudah cepat terimakasih kai,5,2026-06-15 18:33:49,positive,positive
baik,5,2026-06-15 18:08:18,positive,positive
aplikasinya bagus,5,2026-06-15 17:07:53,positive,positive
good,5,2026-06-15 17:01:39,positive,positive
bagus,5,2026-06-15 16:37:27,positive,positive
hee makin lama makin aneh,2,2026-06-15 16:29:04,negative,negative
pemesanan cepat senang menggunakan kai access,5,2026-06-15 14:40:02,positive,positive
lebih praktis,5,2026-06-15 14:36:47,positive,positive
sangat buruk pelayanannya,1,2026-06-15 14:16:23,negative,positive
jelek bgt apk nya sering bgt eror hadeuhhh,1,2026-06-15 13:03:26,negative,negative
respon cepat tidak ribet,5,2026-06-15 13:00:49,positive,positive
semoga tim itnya kena azab yaa,1,2026-06-15 12:39:55,negative,positive
aku kash bintang,5,2026-06-15 12:34:08,positive,positive
kalau bayar pakai ebank king bca,5,2026-06-15 12:00:24,positive,positive
bagus banget,5,2026-06-15 11:47:29,positive,positive
lah kai kalo mau pembatalan tiket kajj jangan persusah masa pesen tiket buat adek mau batalin buat akun kedua dulu padahal kan pesennya diakun ya berarti yang berhak batalin dong tambahan kalo udah dibatalin akunya transfer bank kan lah masa bikin akun bank adiknya gabisa transfer bank aja ini jangan persusah,2,2026-06-15 11:16:37,negative,negative
nice,5,2026-06-15 10:30:27,positive,positive
bisa login payah percuma download,1,2026-06-15 09:41:56,negative,negative
jadwal krl gak singkron jir,1,2026-06-15 09:33:15,negative,negative
bagus,5,2026-06-15 09:19:16,positive,positive
,5,2026-06-15 08:54:44,positive,positive
kok bookingnya susah masak beberapa menit lalu jadwalnya muncul semua trus saya refresh kok gak jadwal,1,2026-06-15 08:50:35,negative,negative
lah,5,2026-06-15 06:31:01,positive,positive
mau kursi kai lokal minimal seminggu berangkat dipesan bayar wallet ovo shopee pay dana bisa berbelit belit yg penting data sesuai ektp nomor telpon whatsapp email,5,2026-06-15 06:20:46,positive,negative
upgrade premium malah g lihat jadwal kereta biasanya yg terlihat skrng malah g ada jadwal semua,4,2026-06-15 05:54:55,positive,negative
bagus,5,2026-06-15 04:30:28,positive,positive
udh download ulang tpi kok malah tetep gak ad perkembangan mau pesen tiket malah tiket nya gak ad satupun yg keluar kek mna lhh,1,2026-06-15 02:53:32,negative,negative
sangat membantu membeli tiket pakai acces by kai liburan perjalanan mana pun jadi lebih mudah,5,2026-06-14 22:27:08,positive,positive
fiturnya udh makin baguss diadakannya kursi pink khusus perempuan jdi mudah membedakan kalau adain fitur ubah kursi setelah terlanjur pesan tiket dong ribet sih maaf hehe tp kadang berguna bgt buat perempuan yg pergi sendirian aku pgn deket jendela tp ternyata yg disebelahnya laki jdi biar ganti kursi gt dripada kurang nyaman,5,2026-06-14 21:58:34,positive,positive
sering error jadwal gak muncul padahal apk masih banyak tersedia,1,2026-06-14 18:40:25,negative,negative
baik,5,2026-06-14 18:40:12,positive,positive
ui sangat mudah dipahami pesan tiket kursi eksekutif mau ganti kursi ikhlas semisal kena biaya tambahan persen pada mau pindah kursi aplikasi lansung mengarahkan kursi ekonomi pikir otomatis gerbong eksekutif alhasil kepindahan ekonomi pada saya sadar mau pindah eksekutif bayar kali lipat catatan kursi eksekutif kosong masih ada pas saya cek,1,2026-06-14 17:57:16,negative,positive
terima kasih kai pelayanan mudah aman,5,2026-06-14 15:41:09,positive,positive
bisa login pake akun lama login notif sedang terjadi gangguan terus menerus pas membuat akun baru mengisa data bisa data ada akun lama aplikasi ribet banget,1,2026-06-14 13:54:31,negative,negative
perbanyak promo aja,5,2026-06-14 13:30:59,positive,positive
diatas jam aplikasi dibuka selalu ada jadwal tersedia udah setting filter dllnya aja tetap sama giliran dihp teman sampah banget semenjak update baru,1,2026-06-14 12:22:20,negative,negative
minta izin lokasi apa mau tau aja lokasi org kan cuma mau beli tiket nik sdh mau memata i lokasi org,1,2026-06-14 11:02:37,negative,negative
mantaap,4,2026-06-14 10:42:01,positive,positive
good,5,2026-06-14 10:36:18,positive,positive
sangat cepat membantu mudah,5,2026-06-14 10:22:11,positive,positive
bisa login,1,2026-06-14 10:06:18,negative,negative
suka aneh apk nya,1,2026-06-14 09:53:19,negative,negative
sangat membantu,5,2026-06-14 08:55:46,positive,positive
good,5,2026-06-14 08:52:41,positive,positive
coba,5,2026-06-14 08:35:51,positive,positive
kesan pertama pas coba coba buat liat jadwal tiket suka tiba tiba hilang sinyal padahal wifi lancar diubah pakai internet sama sekarang udah lumayan udah liat fasilitas kelas kereta jadi bakal salah kursi lagi tolong tambahin metode pembayaran e wallet kaya gopay dana harus transfer shopeepay ovo,4,2026-06-14 08:35:00,positive,negative
baik,5,2026-06-14 08:29:50,positive,positive
aplikasi habis upgarade bukan semakin baik malah semakin buruk,1,2026-06-14 08:18:07,negative,positive
pembayaran kalo bolrh kasih saran bayarnya jangan pakai qris aja bayarnya lewat alfa indomaret lewat atm,4,2026-06-14 07:46:27,positive,positive
baik baik pilih kursi bayar hasilnya malah terpisah rombongan update gak makin bagus malah makin kacau,2,2026-06-14 07:12:00,negative,positive
mantap cepat,5,2026-06-14 07:10:40,positive,positive
pembelian tiket pertama kali tiket tujuan bandara kno semoga lancar perjalalan anak nantinya,5,2026-06-14 06:28:38,positive,positive
aplikaai aneh udh bener masukin kode otp yg d kirim lewat email tp pas msukin otp not valid terus,1,2026-06-14 04:11:42,negative,negative
sangat membantu,5,2026-06-14 03:44:22,positive,positive
ngeleg apa gimana mau pesen tiket kreta tersedia semua anehhhh,1,2026-06-14 03:19:32,negative,negative
bagus,5,2026-06-14 02:48:48,positive,positive
jelek,1,2026-06-14 02:45:24,negative,negative
proses cepat,5,2026-06-14 02:37:36,positive,positive
mantap,5,2026-06-14 02:37:31,positive,positive
good,5,2026-06-14 00:42:48,positive,positive
respon cukup lumayan cepat,5,2026-06-14 00:21:06,positive,positive
lebih gampang pesan tiket nya,4,2026-06-13 22:55:21,positive,positive
mau bawa arah ekonomi bangsa jika perusahaan bumn mempromosikan pinjol mungkin kedepan mempromosikan judol,1,2026-06-13 18:42:52,negative,positive
sering terblokir padahal mau bayar,2,2026-06-13 18:23:14,negative,negative
gimana kai aku mau pesen tiket mepet pas dibuka jadwal kereta tersedia udh ku coba ganti kota ganti tujuan ganti tanggal tetep aja munculnya jadwal kereta tersedia padahal kuota juga ada kenapa,5,2026-06-13 16:43:22,positive,negative
jelek,1,2026-06-13 15:37:23,negative,negative
aplikasi apaan sering ngeblank sering error,1,2026-06-13 14:33:53,negative,negative
sangat jelek relod menjadikan aktivitas terganggu,1,2026-06-13 13:45:06,negative,negative
mantap,5,2026-06-13 13:36:40,positive,positive
bug kebanyakan mending versi lama,1,2026-06-13 13:16:32,negative,negative
schedule kereta api banyak direct tujuan langsung,4,2026-06-13 13:09:56,positive,negative
terima kasih,5,2026-06-13 11:13:57,positive,positive
aplikasi mudah digunakan,5,2026-06-13 10:27:06,positive,positive
oke membantu dikala dadakan,5,2026-06-13 10:26:56,positive,positive
oke kalau pengembalin dana refund pembatalan tiket jangan hnya sediakan menu melalui bank tapi d berikan akses k e wallet karna pengguna akses kai gk semua pke m banking biar lebih mudah saat pengecekan informasi tidak memiliki mbanking klu tersedia menu e wallet dana gopay ovo pengguna bs lngsung cek uang refund y aplikasi e wallet moga jadi perhatian untuk aplikasi kai accsess terimakasih,5,2026-06-13 10:08:48,positive,negative
pesen tiket bandara susah dah gagal terus dihubungkan ewalet gabisa,1,2026-06-13 06:57:13,negative,negative
sangat puad,5,2026-06-13 06:41:40,positive,positive
,5,2026-06-13 05:18:11,positive,positive
pelayanan jelas tdk eror sekarang lah mnrt ku,5,2026-06-13 05:17:15,positive,negative
nyaman aman,5,2026-06-13 04:53:01,positive,positive
error terus,1,2026-06-13 04:16:03,negative,negative
maju sukses buat kai,5,2026-06-13 02:45:06,positive,positive
,5,2026-06-13 02:26:35,positive,positive
bagus,5,2026-06-13 01:45:49,positive,positive
josjis,5,2026-06-13 00:39:01,positive,positive
keren banget,5,2026-06-13 00:13:55,positive,positive
good,5,2026-06-12 23:50:09,positive,positive
gtw deh kek rada rada error request tambahkan shopeepay dipermudahkan pembayaran makasi,1,2026-06-12 17:17:12,negative,negative
mantull pesan online,4,2026-06-12 15:19:41,positive,negative
bagus,5,2026-06-12 14:25:51,positive,positive
benerin napa aplikasinya gampang error mulu,1,2026-06-12 13:28:02,negative,negative
lemot sering bug,2,2026-06-12 13:07:39,negative,negative
kalau jangan berurusan pembatalan reshdulle dehh bikin dara tinggi sama aplikasi ga sih menu bintang,1,2026-06-12 11:59:51,negative,negative
kali mndekati jam berangkat aplikasi error kyknya memang sengaja sih habis trjual baru on aplikasinya good job,1,2026-06-12 11:34:39,negative,negative
aplikasi terburuk se play store gak buat cek tiket pdhl tgl jauh,1,2026-06-12 09:22:53,negative,positive
pesen tiket pembayaran gagal saldo berkurang,2,2026-06-12 09:07:20,negative,negative
terbaik,5,2026-06-12 08:02:52,positive,positive
bagus,5,2026-06-12 07:44:53,positive,positive
butuh android versi brapa si padahal android ku udah versi ribet banget,1,2026-06-12 05:48:43,negative,negative
di perbaiki ini knp kok suka bgt eror jadwal kereta gada semua,2,2026-06-12 05:33:06,negative,negative
good,5,2026-06-12 05:27:55,positive,positive
g di instal,1,2026-06-12 04:18:09,negative,positive
mantap,5,2026-06-12 02:42:35,positive,positive
baik nyaman,5,2026-06-12 02:14:29,positive,positive
usai mengisi nomor identitas ktp stop tidak berlanjut,1,2026-06-12 01:18:52,negative,negative
buat nyari kereta day per day kug dipukul rata habis gmn jadi g nyaman nyari tiket,1,2026-06-12 01:14:47,negative,positive
sangat suka sekali kai sekarang lebih terkontrol baik dulu waktu kecil naik kereta ekonomi kai beda jauh sekarang kai access lebih mudah membeli tiket kereta bisa memilih kursi langsung sekarang tingkatan untuk gerbong jalur double track biar lebih banyak jadwal untuk para pekerja transportasi tujuan lokal antar kota,5,2026-06-12 00:37:25,positive,positive
aja gk perubahan sering eror masa tiket ada ga muncul semua tiket nya,1,2026-06-12 00:34:59,negative,negative
mudah diakses,5,2026-06-11 23:38:37,positive,positive
biasanya aplikasinya memuaskan sekarang balikin tampilan pemesanan kajj versi sebelumnya dong sekarang tuh tampilannya jelek lebih suka bersi sebelumnya memudahkan versi sekarang bikin bingung,5,2026-06-11 21:43:32,positive,positive
ga banget pelayanan ribet mau batalin tiket krna terjadi suatu yang memungkinkan pergi malah ke stasiun langsung dipotong mau diganti org juga gabisa ribet hangus jadinya duit,1,2026-06-11 16:22:12,negative,negative
apknya ribet banget,1,2026-06-11 14:18:40,negative,negative
terimakasih pembatalan mudah,5,2026-06-11 14:17:24,positive,positive
sangar membantu,5,2026-06-11 13:48:10,positive,positive
bagus,5,2026-06-11 13:44:15,positive,positive
sip enjoy mudah,5,2026-06-11 13:30:24,positive,positive
pelayanan sangat buruk bahkan pesan satu bulan depan tiket kosong sy beli lewat calo baru tpi harga x lipat bagaimana beli lewat calo tpi beli resmi gak kursi sy tempati memang bener kosong tpi diaplikasi penuh sy masuk kereta ternyata ada satu kursi yg kosong sy tau dr mulang berangkat turun kursi tetap kosong tidak melayani baik,2,2026-06-11 13:15:26,negative,negative
membantu sekali,5,2026-06-11 11:29:27,positive,positive
,5,2026-06-11 11:27:42,positive,positive
mudah cepat nyaman,5,2026-06-11 10:57:28,positive,positive
baguss bangat,4,2026-06-11 10:03:40,positive,positive
tidak mendapatan verifikasi mail trs mendaftar,4,2026-06-11 09:34:46,positive,negative
oke,5,2026-06-11 09:18:02,positive,positive
,5,2026-06-11 07:38:33,positive,positive
okey,5,2026-06-11 07:37:03,positive,positive
semoga semakin baik dan mudah pengaksesan nya banyak promo kreta pelayanan terbaik,5,2026-06-11 06:52:28,positive,positive
proses mudah lancar tks kai,5,2026-06-11 05:02:35,positive,positive
,5,2026-06-11 04:59:01,positive,positive
lebih praktis ga usah stasiun,5,2026-06-11 04:39:48,positive,positive
ga jadwal mulu males cape gatau sistem error gatau knp aneh,1,2026-06-11 04:36:50,negative,negative
bagian komuter pas klik pilih info jadwal kereta malah langsung kealih pesan tiket ngaco it nya dumb gak cek trial error semua bagian waktu update software aplikasi plis lah kalau bikin aplikasi publik tuh jangan pake it kualitas magang,1,2026-06-11 04:23:55,negative,negative
baik,5,2026-06-11 03:46:18,positive,positive
bagus,5,2026-06-11 02:43:04,positive,positive
bagus sekali,5,2026-06-11 01:10:40,positive,positive
bagus,5,2026-06-10 23:43:24,positive,positive
dulu apk nya enak trbantu banget buat psen tiket skrng allah lemot banget sampek ak uinstal trs download eh gilaran download gk login kesalahan server trus pdhal email pass nya sdh bner,1,2026-06-10 23:37:01,negative,negative
,5,2026-06-10 23:24:47,positive,positive
app kai sekarang sangat menurun sering sekali jadwal tersedia padahal jadwal ada walaupun kursi mungkin full aneh sekali app kai skrg,2,2026-06-10 19:45:29,negative,negative
min sekarang naik kahuripan gerbong kursi e tp ac nya gak dingin mau lapor mantrinya tp papan wa nya jauh belakang aku udah chat official kai ngantri lama hadeuh gini kalau naik yg subsidi,1,2026-06-10 17:55:21,negative,negative
baik,5,2026-06-10 17:53:06,positive,positive
update malah tambah kacau,1,2026-06-10 17:06:14,negative,negative
uda download apk eh tau nya pas buka gk buat wilayah lampung palembang adanya daerah jawa semua sangat kecewa,1,2026-06-10 15:28:29,negative,negative
sip sekali,5,2026-06-10 15:20:04,positive,positive
top,5,2026-06-10 15:02:22,positive,positive
lebih mudah akses pemesanan,5,2026-06-10 11:55:27,positive,positive
mantap,5,2026-06-10 11:08:34,positive,positive
cepat mudah,5,2026-06-10 09:02:02,positive,positive
good,5,2026-06-10 05:37:55,positive,positive
sorry to say update punya doang bisa pilih seat literally stuck tulisan ups terjadi kesalahan itu berlangsung satu bulan please pengguna sejak baru kali merasakan ini,1,2026-06-10 05:09:08,negative,negative
good,5,2026-06-10 03:47:51,positive,positive
ga betol aplikasi nya suka ngebug tiba gada jadwal kereta padahal tolong lah perbaiki soalnya nyusahin,1,2026-06-10 02:47:00,negative,negative
jangan error,5,2026-06-10 02:44:29,positive,negative
terimakasih kai sangat membantu,5,2026-06-10 02:27:43,positive,positive
bagus,5,2026-06-10 00:31:08,positive,positive
sangat praktis,5,2026-06-10 00:21:55,positive,positive
luar biasa mudah,5,2026-06-09 22:54:10,positive,positive
cukup membantu perjalanan,5,2026-06-09 22:09:00,positive,positive
,5,2026-06-09 21:45:12,positive,positive
apaan masa tiket abis terus dah bahkan sampe akhir bulan abis error apa gimana nyoba bulan depannya gak tiket please lah yg bener,1,2026-06-09 21:22:10,negative,negative
aplikasi sering muncul jadwal kereta ditemukan,1,2026-06-09 18:35:23,negative,negative
mantap pokoknya mah,5,2026-06-09 18:13:22,positive,positive
mantap,5,2026-06-09 18:04:41,positive,positive
yoiiii,5,2026-06-09 13:54:23,positive,positive
aplikasinya sering error,1,2026-06-09 13:30:19,negative,negative
bagus,5,2026-06-09 12:22:17,positive,positive
makin parah aja aplikasinya tmbah ribet enak yg dulu,1,2026-06-09 12:19:03,negative,negative
apk gak top up smpe nunggu sehari gk masuk,1,2026-06-09 12:06:14,negative,negative
,5,2026-06-09 10:46:03,positive,positive
kadang ngebug jadwal tiba tiba hilang,4,2026-06-09 10:44:17,positive,negative
melakukan pembayaran ovo muncul notif jaringan bermasalah padahal internet lancar gk gangguan,1,2026-06-09 10:41:24,negative,negative
pilihan kereta antar kotanya ngk sebanyak traveloka padahal dari kai langsung lo masa ngk lengkap,1,2026-06-09 10:28:22,negative,positive
banget check out pas bayar eror gak cek riwayat order pembayaran coba transaksi ulang bisa transaksi di selesaikan menu pembayaran tidak muncul kok diselesaikan pantasan bumn banyak boncos buat aplikasi masih banyak bug eror,1,2026-06-09 09:37:10,negative,negative
apl gk,1,2026-06-09 09:36:03,negative,positive
bagus,5,2026-06-09 07:55:49,positive,positive
sering ngebug aplikasi lol pqntg,1,2026-06-09 07:38:52,negative,negative
simple mantabbb,5,2026-06-09 05:12:12,positive,positive
cepat ran fleksibel,5,2026-06-09 04:21:34,positive,positive
josjis,5,2026-06-09 04:13:26,positive,positive
mudah digunakan sangat membantu,5,2026-06-09 04:10:49,positive,positive
good,5,2026-06-09 04:07:29,positive,positive
mudah cepat,5,2026-06-09 03:08:06,positive,positive
mudah,5,2026-06-09 03:00:37,positive,positive
praktis,5,2026-06-09 02:27:47,positive,positive
dong comuter lin arjonegoro tambah armada jam operasional nya dr surabya kasih jam jam sama gerbongnya tambah peminatnya semakin banyak,5,2026-06-09 01:44:23,positive,negative
bagus,5,2026-06-09 01:23:49,positive,positive
tidak suka bagaimana cara tidak terhubung,1,2026-06-09 01:10:35,negative,positive
,5,2026-06-09 00:59:34,positive,positive
pelayanan cepat,5,2026-06-08 22:47:04,positive,positive
aplikasi paling buruk tiketnya pesan di bayar sudah satu hari mencul pemberitahuan tiketnya,2,2026-06-08 21:43:28,negative,negative
semua tiket semua tanggal jakarta habis,1,2026-06-08 18:25:10,negative,negative
access by kai sebenernya nungguin begadang war tiket apk resmi malah ga muncul jadwal kereta tersedia giliran traveloka tiket masi lengkap mana tiketnya kayak ghoib hitungan detik abis padahal kadang aja kosong temen ku bahkan pernah naik setengah gerbong kosong,1,2026-06-08 17:34:10,negative,negative
good service,4,2026-06-08 16:56:09,positive,positive
pembayaran ribet,2,2026-06-08 15:31:28,negative,negative
versi update malah downgrade biasanya pilih kursi sekarang pilih kursi di coba berkali ada error atw apa bisa di klik tidak bisa memilih kursi pesan tiket dgn anak mencar semua gerbong nya,1,2026-06-08 14:23:12,negative,negative
pelayanan memuaskan,5,2026-06-08 13:29:43,positive,positive
sangat membantu sekali,5,2026-06-08 13:04:56,positive,positive
baikk,5,2026-06-08 12:49:56,positive,positive
aplikasi burik buat ngecek lama gk muncul palang kereta,1,2026-06-08 12:11:54,negative,negative
terima kasih banyak,5,2026-06-08 11:44:24,positive,positive
sangat dimudahkan,5,2026-06-08 09:28:02,positive,positive
bagus,5,2026-06-08 07:50:12,positive,positive
aplikasi terbaik,5,2026-06-08 07:50:09,positive,positive
makin lama makin jelek cara pesannya fitur nya bikin bingung hurufnya tulisan ai kemudian udah gabisa bolak balik ngecek ada jadwal kereta apa engga tiba tiba kosong bahkan misal juni tgl juli nya gaada tetap kosong jadwal kereta tersedia nya kalian diperbaiki jangan memperibet hidup udah sedarderdor,1,2026-06-08 07:01:03,negative,negative
,5,2026-06-08 06:51:30,positive,positive
jelek,1,2026-06-08 06:17:46,negative,negative
buruk kali bangke black screen,1,2026-06-08 05:35:42,negative,negative
mohon ijin share semoga bermanfaat punteun,5,2026-06-08 05:08:33,positive,positive
dipergunakan naik kereta mudah mudahan segera dipakai,4,2026-06-08 04:31:38,positive,positive
booking hari hari seblm keberangkatan selalu gagal,4,2026-06-08 03:17:26,positive,negative
aneh aneh asli aplikasinya aneh kalo emang blum siap ngapain luncurkan,1,2026-06-08 01:21:30,negative,negative
biarkan bintang bicara,1,2026-06-08 01:15:37,negative,positive
alhamdulillah mudah proses pembatalan lewat aplikasi kai the best,5,2026-06-08 00:31:32,positive,positive
amazing,5,2026-06-07 23:12:18,positive,positive
baik,5,2026-06-07 22:55:04,positive,positive
sangat mudah diakses,5,2026-06-07 22:19:42,positive,positive
mau bayar pake shopeepay susah banget ampun gagal terus gagal terus seabis face recognation mana buat pesen tiket dadakan ini udah nyoba beberapa kali gak terus keterangan tertulis harga tiket malah jadi rp data penumpang jadi kosong semua waktu hitung mundur pembayarannya jalan terus,1,2026-06-07 21:16:27,negative,negative
batalkan tiket gagal terus,1,2026-06-07 17:13:38,negative,negative
kadang tiba kereta tersedia tanggal berapapun benerin bug nya dong min,2,2026-06-07 17:05:30,negative,negative
sangat baik,5,2026-06-07 16:40:36,positive,positive
aneh kmrn bolak balik cicalengka cimahi gpp bawa hewan peliharaan lah tadi tiba gk d bolehin mna gk pemberitahuan semacam,1,2026-06-07 15:15:54,negative,negative
user friendly,5,2026-06-07 15:07:44,positive,positive
aplikasi bagus,5,2026-06-07 14:01:18,positive,positive
update malah trouble loading lama,1,2026-06-07 13:50:07,negative,negative
pesan tiket sekarang selalu tersedia bahkan semua tanggal ada bug seminggu ini,2,2026-06-07 11:38:07,negative,negative
di update juni sekarang pilih kursi sendiri kursi otomatis ditentukan sistem kecewa kalo pergi bareng keluarga bisa terpisah kursinya,4,2026-06-07 11:22:33,positive,negative
bagus,5,2026-06-07 11:19:34,positive,positive
nice,5,2026-06-07 10:02:23,positive,positive
joss gandhos,5,2026-06-07 08:53:13,positive,positive
good,5,2026-06-07 08:35:32,positive,positive
semakin maju melayani terimakasih kai,5,2026-06-07 08:21:32,positive,positive
ok cukup membantu kebutuhan perjalanan,5,2026-06-07 07:11:38,positive,positive
praktis banget naik kereta perjalanan lancar hambatan,4,2026-06-07 06:57:26,positive,positive
top,5,2026-06-07 06:53:54,positive,positive
mau upgrade basic akun biar beli tiket verifikasi via email ditungguin sampe diulang bolak balik ada email masuk giliran otp delete akun langsung masuk delete coba daftar disuruh upgrafe basic akun tapi sudah ngisi semua sampe keriting jari tidak ada email masuk verifikasi tanggapannya,1,2026-06-07 05:35:47,negative,negative
apk bagus banget pencarian sangat mudah bikin orang emosi rute pasar senen pasar turi tersedia buka tutup apk klu mau cr rute yg sama baru tersedia,1,2026-06-07 04:53:58,negative,positive
bila perubahan kereta digunakan jangan suka seat tempat duduk dipisahkan satu kode bokingan bila terjadi loe bagaimana rasanya dasar sistem pemerintahan pegawai kai tunggu viralkan,1,2026-06-07 04:53:00,negative,negative
update jam ny dbenerin lg dong yg krl gara updatenya ga bner malah jdi ketinggalan kereta lokal,1,2026-06-07 04:42:39,negative,negative
mudah pemakaian,5,2026-06-07 04:38:31,positive,positive
kok sekarang makin diupdate makin aneh segi pembayaran terus jadwal kereta ga sinkron awal ngecek terus cek gaada beda sama apk sebelah pihak kai gimana,2,2026-06-07 04:30:41,negative,negative
jadwal hampir bulan pemesanan kertapati lubuk linggau sebalik nya masak tiket gak di tindak banyak permainan calo meskipun lewat aplikasi,1,2026-06-07 04:19:01,negative,negative
good exelent,5,2026-06-07 04:09:31,positive,positive
mantap,5,2026-06-07 04:04:09,positive,positive
admin isi saldo kaipay gede banget,1,2026-06-07 03:05:59,negative,positive
kurang jelas,1,2026-06-07 01:42:52,negative,negative
sangat buruk reload nya lama berulang kali gagal beli tiket,1,2026-06-07 01:22:51,negative,negative
sangat membantu sekali,5,2026-06-07 00:47:27,positive,positive
membantu,5,2026-06-06 23:04:52,positive,positive
reload lama masa mau batalin tiket error katanya not found padahal jelas jelas trus pas pembayaran ga jelas ga bayar trus mau diulang malah ga dibatalin tiketnya update mulu g perubahan,1,2026-06-06 22:09:03,negative,negative
alhamdulilah bagus mantep,5,2026-06-06 19:51:25,positive,positive
aplikasinya di perbaiki dong makin kesini malah makin ribet aplikasi sering error,2,2026-06-06 18:24:17,negative,negative
update aplikasi kai access sangat kecewa pesan tiket kursi gerbong d e bayar tiket jadi gerbong kursi berjauhan diperbaiki tks,1,2026-06-06 18:07:28,negative,positive
sangat membantu,5,2026-06-06 17:15:27,positive,positive
bug nya perbaikin dong,2,2026-06-06 17:04:07,negative,negative
ribet masa daftar member maksa fefek,1,2026-06-06 16:27:43,negative,negative
mantap musim liburan diskon,5,2026-06-06 16:26:33,positive,positive
aplikasi makin parah semakin sulit gagal mulu isi data diri lupakan sandi tidak maksutnya apa coba hendak member access malah gk pakai akun lama malah nonaktif tulisannya dong otaknya dipakai kalau niat nyediakan fasilitas masyarakat,1,2026-06-06 15:55:26,negative,negative
tiap update saldo kartu gagal saldo kepotong kronologi k pay tercatat nyebelin,1,2026-06-06 15:09:16,negative,negative
sangat membantu,5,2026-06-06 14:55:25,positive,positive
lebih mudah sangat mudah,5,2026-06-06 14:29:34,positive,positive
cepat mudah good job kai akaes,5,2026-06-06 14:16:48,positive,positive
,5,2026-06-06 13:28:48,positive,positive
oke,5,2026-06-06 13:28:42,positive,positive
kok loadingnya lama banget yaa udah sampe uninstal tetep loading,1,2026-06-06 11:14:41,negative,negative
semakin ga jelas aplikasinya,1,2026-06-06 11:11:51,negative,negative
aplikasi dongo rusak mulu mau liat jadwal tulisannya tersedia pas hapus data baru,1,2026-06-06 11:10:40,negative,negative
awal pakai lemot,1,2026-06-06 10:42:49,negative,positive
taiiiiii beli tiket pulang pergi jauh hari eh pas mau pergi malah tiket nya ilang gk terdaftar cuma tiket pulang,1,2026-06-06 08:50:11,negative,negative
maaf account ga dipakai disuruh perbarui lupa kata sandi,5,2026-06-06 08:39:02,positive,negative
,5,2026-06-06 08:16:41,positive,positive
padahal aku langganan kai eh malah skrg apknya ga mau sm hpku alias malah minta hp yg lbh canggih sial baru tau kai pilih kasih kek gini,1,2026-06-06 08:09:24,negative,negative
,5,2026-06-06 06:15:33,positive,positive
kai sekarang aneh tiket awalnya tersedia gilran lihat tanggal trus balik tiket jadi tersedia lihat tkket yg habis jg ada,1,2026-06-06 06:08:33,negative,negative
terimakasih kai,5,2026-06-06 05:19:39,positive,positive
mantap,5,2026-06-06 05:06:31,positive,positive
cepat layanan,5,2026-06-06 05:04:15,positive,positive
aplikasi payah tidak cek riwayat transaksi kaipay saldo kepotong mau cek apa blank kocak banget sih bumn si paling monopoli si paling sok green flag,1,2026-06-06 03:22:42,negative,negative
menu restorasi kurang lengkap seperti dulu,5,2026-06-06 02:47:41,positive,negative
mudah,5,2026-06-06 02:09:58,positive,positive
bagus,5,2026-06-06 02:08:14,positive,positive
susah banget buat bikin akun jadi basic biar beli tiket cuma liat notif aplikasi keluar sendiri diperbaiki,1,2026-06-06 01:49:33,negative,negative
mudah,5,2026-06-06 01:23:45,positive,positive
good apps,5,2026-06-06 00:18:17,positive,negative
aplikasi apa udah isi data mau melanjutkan susah banget bilang penuh nyata nya banyak kursi kosong susah pesan tiket gagal terus,4,2026-06-06 00:00:51,positive,negative
,5,2026-06-05 23:28:26,positive,positive
sangat mengecewakan beli tiket jurusan ambarawa semarang poncol bojonegoro waktu pembayaran nik tertera kurang digit pembayaran berhasil waktu mau rubah batalkan salahkan kurang digit aplikasi gak jelas kurang konsisten kurang detail kebijakannya di dalamnya sekarang tiket hangus gak di gunakan katanya customer service sangat merugikan,1,2026-06-05 22:41:42,negative,negative
mau ganti tampilan aja dipaksa update utk buka aplikasinya perlu develop aplikasi biar simpel bagus spy hp lama akses beli lewat ecommerce harga bs lebih mahal terpaksa ganti hp buat akses sampah barang berguna dibersihkan sepanjang perlintasan ka merusak pemandangan beresiko dgn keamanan,4,2026-06-05 22:06:51,positive,negative
bug mulu jadwal kereta ga muncul masa bwi jr disuruh muter surabaya tiketnya aneh,2,2026-06-05 19:17:02,negative,negative
gajelas nyari tiket antar kota jauh hari ga mumcul bahkan bulan mau pesen ga muncul daftar harga tiketnya aplikasi buriq gajelas,1,2026-06-05 18:32:48,negative,negative
kursi udah dipilih pas selesai pembayaran kursi berbeda pas dipilih diawal tadi,1,2026-06-05 17:10:11,negative,negative
tiket go show gak ada tambahan biaya administrasi pertahankan,5,2026-06-05 14:52:12,positive,positive
pelayanan lambat beli pulsa saldo kepotong tapii gadaa pulsa masuk payah,1,2026-06-05 14:40:51,negative,negative
cepat mudah,5,2026-06-05 14:15:10,positive,positive
susah masuk nya jir,1,2026-06-05 13:36:01,negative,negative
mohon nomor kursi otomatis dihilangkan nomor kondisi buru buru pernah satu kali nomor kursi pindah nomor kursi kena biaya admin harga tiket padahal kursi banyak kosong trims kai skrg sdh diperbaiki sdh warning nomor kursi,5,2026-06-05 13:29:49,positive,positive
payah sering banget gangguan cari kereta apa tujuan mana gk muncul satu kereta padahal cek ota gk masalah giliran klik conection train baru muncul semua keretanya sambung menyambung tarif berkali lipat padahal harus nyambung keretanya klo orang awam yg gak permasalahin harga tiket main klik aja conection train,1,2026-06-05 12:48:24,negative,negative
,4,2026-06-05 12:02:45,positive,positive
oke,5,2026-06-05 11:30:49,positive,positive
aplikasi ga jelas sering banget bug nya pas mau mesan tiket tiba tiba tiket nya hilang padahal nya tersedia,1,2026-06-05 07:20:39,negative,negative
kai cianjur padalarang kiaracondong bandung cimindi operasional sampai sekarang,1,2026-06-05 06:40:58,negative,positive
bagus praktis,5,2026-06-05 06:23:47,positive,positive
sering gak muncul cari tiket,1,2026-06-05 06:16:52,negative,negative
banyak bug nya,1,2026-06-05 06:01:29,negative,negative
mohon pengembangan krl bias ke stasiun nganjuk nyambung kereta lokal kertosono sby jam pagi jam malam jam untuk aktivitas karyawan kerja mengaktifkan stasiun stasiun kecil nganjuk maupun madiun,1,2026-06-05 05:13:15,negative,negative
aplikasi lambat,2,2026-06-05 04:55:36,negative,negative
super,5,2026-06-05 04:46:32,positive,positive
kenapa pesen tiket gagal mulu berkaki kali coba gagal coba gagal,1,2026-06-05 04:33:41,negative,positive
mantap,5,2026-06-05 04:18:01,positive,positive
praktis ekonomis,5,2026-06-05 04:15:57,positive,positive
ulasan minus semua tp tdk tanggapan perubahan wedeh apa disuruh secara konvensional beli tiket loket,1,2026-06-05 03:55:07,negative,negative
good,5,2026-06-05 03:07:26,positive,positive
update d hp hanya muncul white screen,1,2026-06-05 01:54:41,negative,negative
yaallah kembalikan uang tiba ketarik otomatis akun danadana gak sengaja kepencet filtur langganan nya mohon kembalikan uang sangat membutuhkannyaa,1,2026-06-05 01:45:27,negative,negative
aplikasi lengkap user friendly,5,2026-06-05 00:38:20,positive,positive
baik,5,2026-06-05 00:26:11,positive,positive
susah banget daftar member basic trouble terus verifikasi,1,2026-06-04 23:39:03,negative,negative
upgrade bisa,1,2026-06-04 22:21:56,negative,negative
dipermudah pembayaran nya,4,2026-06-04 20:13:00,positive,negative
aplikasi buruk tiket selalu habis bisa pembatalan tiket,2,2026-06-04 17:49:17,negative,negative
aplikasi buruk sering ngebug untuk khusus boking tiket kereta api lampung permudah bget jam malem trus berhadapan dgn aplikasi jelek,1,2026-06-04 17:37:46,negative,negative
lambat kalau malam,4,2026-06-04 17:19:04,positive,negative
jelek banget sumpah semenjak update masa gabisa booking at the same time terus padahal ga booking cuma milih seat kocak perbaiki deh,1,2026-06-04 17:18:01,negative,negative
bapak ibu pengurus kai access sekarang tiket bengawan selalu habis hitungan detik gak sampe menit semua udah dibeli sama calo jadi online buat formalitas langsung disistem dibuat habis biar dijual calo semua,1,2026-06-04 17:16:53,negative,negative
akan pesan tiket kereta lokal tiba tiba aktifkan kaipay dulu menggunakan e wallet sering loading sendiri pas bisa tiket habis,1,2026-06-04 17:14:02,negative,negative
jelekkk bug terus,1,2026-06-04 17:10:48,negative,negative
lemot banget,1,2026-06-04 17:08:03,negative,positive
mau pesan tiket aja susahnya minta ampun selalu gagal booking padahal tersedia,1,2026-06-04 14:26:21,negative,negative
good,5,2026-06-04 13:37:12,positive,positive
appnya mantep jujur oke banget dibanding app pemerintah lain emang kai best sih,5,2026-06-04 13:34:11,positive,positive
okkk,5,2026-06-04 12:41:27,positive,positive
aplikasi human friendly,5,2026-06-04 12:25:59,positive,positive
good,4,2026-06-04 12:24:19,positive,positive
sa no gat bagus,5,2026-06-04 12:01:08,positive,positive
yaa kai kalau udah sore sampek malam ada tulisanya aplikasi pemeliharaan bisanya dibuka nanti pagi sampek sore aja mohon diperbaiki lagiiiiii,2,2026-06-04 10:42:37,negative,negative
okey,5,2026-06-04 10:06:46,positive,positive
habis update makin jelek jadwal ga semua,1,2026-06-04 09:20:04,negative,negative
saya tambahkan rute semarang jogja transit solo sih,4,2026-06-04 08:14:34,positive,negative
mudah cepat,5,2026-06-04 07:21:19,positive,positive
aplikasi buruk masa mau pesen tiket ga udah cek jadwal berkali kali hari berbeda ga muncul jadwalnya perbaiki,1,2026-06-04 07:19:04,negative,negative
baik,5,2026-06-04 06:49:45,positive,positive
keren,5,2026-06-04 05:56:06,positive,positive
sih aplikasi sering bug tiba tiba semua jadwal kereta di temukan padahal internetnya lancar bahkan perjalan surabaya jakarta gak jadwal minggu kedepan gak satu kali gini tetap gak perbaikan gimana,1,2026-06-04 05:43:39,negative,negative
,5,2026-06-04 05:01:27,positive,positive
mantap,5,2026-06-04 04:56:05,positive,positive
baik lebih banyak prominya oke,5,2026-06-04 04:49:35,positive,positive
aplikasi bobrok,1,2026-06-04 03:24:27,negative,negative
good,5,2026-06-04 02:47:18,positive,positive
ribet lama,1,2026-06-04 02:11:58,negative,negative
so far so good,5,2026-06-04 01:07:24,positive,positive
kok ada pilihan reduksi penumpang usia th,5,2026-06-04 00:02:22,positive,positive
aplikasi access by kai sangat membantu memudahkan pemesanan pembelian tiket kereta,5,2026-06-03 23:50:44,positive,positive
layanan custumer online lambat tidak merugikan sekali custumer pengajuan refund sistem berbeda di ajukan bad request parahhhbbbbbangett,1,2026-06-03 23:07:22,negative,negative
bintang aja lah sekarang aplikasi nya lemot banyak bug nya bagusan aplikasi yg lama simpel gak lemot,1,2026-06-03 22:59:04,negative,negative
updet bukanya tambah bagus malah tambah lemot bukanya perbaiki malah tambah parah,1,2026-06-03 22:22:23,negative,negative
pelayanan bagus,5,2026-06-03 21:23:21,positive,positive
jasa transportasi kereta sangat keren,5,2026-06-03 21:16:14,positive,positive
kok gak dari kemaren ya,2,2026-06-03 17:38:00,negative,negative
josss,5,2026-06-03 17:35:06,positive,positive
update jadi parah pesan tiket loading lama terus pesanan gagal pesan ulang tulisan melakukan booking saat dicek menu pesanan tiket muncul bookingannya mending usah diupdate dikembalikan versi sebelumnya kasus tidak satu dua orang banyak mengalami kejadian serupa segera diperbaiki,1,2026-06-03 17:28:48,negative,negative
ribet,1,2026-06-03 17:12:21,negative,negative
buka aplikasi mau pesen tiket jadwal selalu ada kadang muncul kadang hilang sendiri misal jurusan jakarta surabaya selalu muncul jadwal kereta tersedia,1,2026-06-03 16:00:14,negative,negative
aplikasi ngebug jadwal kereta kosong semua,1,2026-06-03 15:21:09,negative,negative
sebenarnya bagus hampir terlalu sering maintenance waktu lama sampai jam bayangin aja sore sampe besok pagi belum pesen tiket katanya maintenance mohon segera perbaiki saya mahasiswa pulang pergi menggunakan kereta cukup merugikan saya jadi sulit membeli tiket kelas hari thank you,2,2026-06-03 14:15:27,negative,negative
mantap,5,2026-06-03 12:57:05,positive,positive
mantap,5,2026-06-03 11:49:14,positive,positive
sangat membantu,5,2026-06-03 10:26:14,positive,positive
sangat membantu perjalan biayanya murah sekali juga praktis,5,2026-06-03 09:10:31,positive,positive
terbaik,5,2026-06-03 08:57:15,positive,positive
bismillah,5,2026-06-03 08:25:25,positive,positive
mantab,5,2026-06-03 07:29:46,positive,positive
bagus,5,2026-06-03 06:52:36,positive,positive
sangat mudah digunakan,5,2026-06-03 05:46:26,positive,positive
bagus mempermudah pembelian tiket kereta,5,2026-06-03 05:13:59,positive,positive
okee,5,2026-06-03 03:57:57,positive,positive
baguuss puas,5,2026-06-03 03:17:46,positive,positive
mau log in ga tulisannya offline padahal paket internet masih data nyala kenapa,5,2026-06-03 02:10:17,positive,negative
,5,2026-06-03 01:48:10,positive,positive
jangan pernah top up saldo akun kai acces tiket kereta dibeli hilang gitu aja riwayat transaksi gak saldo berkurang dipake buat beli paket data sama saldo berkurang pulsa gk pernah masuk sama aja maling duitnya costumer,1,2026-06-03 00:52:16,negative,negative
sangat membantu proses pemesanan tiket kereta terimakasih kai,5,2026-06-02 23:47:23,positive,positive
aplikasi bagus,5,2026-06-02 23:28:04,positive,positive
bagus,5,2026-06-02 22:34:52,positive,positive
kapan normal pemesanan by kai access seminggu lebih cek berkala juni juli beberapa kreta gak di pesan,1,2026-06-02 15:34:00,negative,positive
pelayanan memuaskan cepat,5,2026-06-02 15:16:46,positive,positive
good lah pokona mah,5,2026-06-02 14:22:51,positive,positive
buruk ketika kereta berhenti pemberitahuan penumpang tau kereta api berhenti mana penumpang ada kelewatan,1,2026-06-02 14:16:58,negative,positive
melakukan payment kali kereta api lokal tiket riwayat transaksi muncul padahal saldo sudah sedot melakukan pembatalan saldo kembali,1,2026-06-02 13:11:55,negative,negative
makasih,5,2026-06-02 12:27:48,positive,positive
good,5,2026-06-02 12:14:33,positive,positive
aplikasi buruk jelek lemod bgt loading nya kebanyakan not respon mau bayar pakai qr muncul qr nya cancel ga respon payah sekali,1,2026-06-02 11:58:38,negative,negative
aplikasi pemesanan kereta api jadi gampang,5,2026-06-02 11:41:50,positive,positive
ini dulu mau aktivasi susah padahal dapet konfirmasi tp balik lg awal,1,2026-06-02 11:22:10,negative,negative
proses cepat pembatalan pembelian tiket cepat,5,2026-06-02 09:29:22,positive,positive
baguss semoga tambah ditingkatkan,5,2026-06-02 07:32:44,positive,positive
aplikasi banyak bug gajelas,1,2026-06-02 06:55:54,negative,negative
harusanya kalo isi saldo kai pay tidak di alfamart wajib di semua outlet biar murah,1,2026-06-02 05:38:44,negative,negative
error bisa pesen tiket,1,2026-06-02 04:48:03,negative,negative
bagus,5,2026-06-02 04:13:57,positive,positive
good job,5,2026-06-02 03:08:02,positive,positive
keren pokok e,5,2026-06-02 02:35:01,positive,positive
baik,4,2026-06-02 02:34:49,positive,positive
kenapa top up saldo kepotong terus kalau sisa saldo tambah top up bukannya nambah malah berkurang saldonya ga disarankan top up saldo di aplikasi,2,2026-06-02 02:02:46,negative,negative
mudahhh,4,2026-06-02 01:51:11,positive,positive
semoga kedepan nya lebih baik kai,5,2026-06-01 23:49:26,positive,positive
sangat memudahkan sekali,5,2026-06-01 22:37:14,positive,positive
saya manula kesulitan kadang minta bantuan orang atau petugas,4,2026-06-01 18:01:58,positive,negative
sejauh aplikasi kai sangat membantu banget buat aku anak rantau,5,2026-06-01 17:22:30,positive,positive
aplikasi keseringan gangguan muncul pesan banyak lagi cari lah jadwal kereta tersedialah gak aplikasi webnya sama aja,1,2026-06-01 16:55:30,negative,negative
kagak dibatalkan selalu muncul proses pembatalan gagal dikarenakan ada penumpang dipilih,1,2026-06-01 14:51:07,negative,negative
masa tiket selalu menampilkan ada niat gak btw bikin apk tuh,1,2026-06-01 14:42:56,negative,negative
pembatalan tiket kereta perubahan jadwal potongannya besar sekali,1,2026-06-01 14:21:31,negative,positive
lapor mintak bantuan karna bisa upgrade basic minta lewat wa sosial media responnya slow kebanyakan antri wa sosial media iya di balas cuma gak balasan untuk proses lebih lanjut di perbaiki,1,2026-06-01 14:21:27,negative,negative
gak di pake,1,2026-06-01 14:17:53,negative,positive
dong dipantau ni aplikasi petugas kai bagian tiket dimainkan kerjasama calo masa tiket habis terus giliran calo ada tiket hebat bener ni pecat aja tu petugas tiket bermain main kuota tiket kacau khususnya jalur lubuk linggau palembang sebaliknya palembang lubuk linggau pecat aja petugas bagian tiketnya stasiun main sama kuota tiket,1,2026-06-01 13:51:20,negative,negative
ko sekarang sering eror kereta non lokal,5,2026-06-01 13:30:49,positive,positive
mantab lancar jaya pt kai pelayanan prima,5,2026-06-01 13:14:11,positive,positive
alhamdulillah,5,2026-06-01 12:59:40,positive,positive
sangat mudah,5,2026-06-01 12:58:08,positive,positive
bagus memuaskan,5,2026-06-01 12:51:21,positive,positive
keren layanan acses kao,5,2026-06-01 12:51:10,positive,positive
ora mantep blaaaasssss,1,2026-06-01 12:25:30,negative,positive
sering bug bikin kesel yg,1,2026-06-01 12:20:22,negative,negative
ga jelas eror terus bener makin aneh,1,2026-06-01 11:47:24,negative,negative
jadwal keretanta ga yang muncul,1,2026-06-01 11:01:26,negative,negative
sangat kcewaaaa keadaan br lahiran minggu bwa bayi d kursi prioritas pling belkng yng dduk g nglah sm skali sdngkn pria sehat dn orng tua blm bgitu tua bngt aku yng lg ngrsain skit psca persalinan gndong bayi tas bebawaan stasiyn brdri gda yng nglah,1,2026-06-01 11:00:26,negative,positive
refund kena cut must waiting days very bad,1,2026-06-01 10:52:27,negative,negative
enjoy,5,2026-06-01 09:20:56,positive,positive
banyak bug makinkesini makin payah callcenter tlpn nunggu sampe mnt blm dapet cs,1,2026-06-01 08:27:27,negative,negative
saran sediakan rute transit misal stasiun a mau stasiun z ga langsung kasih alternatif rute misal stasiun a stasiun d dulu baru stasiun z,4,2026-06-01 07:37:59,positive,negative
bagus,5,2026-06-01 05:37:27,positive,positive
baik,5,2026-06-01 03:37:34,positive,positive
sering error,1,2026-06-01 03:37:28,negative,negative
pelayanan cepat jelas mudah,5,2026-06-01 03:30:46,positive,positive
jadi lebih mudah pesan tiket,5,2026-06-01 02:47:27,positive,positive
dulu sering naik kereta api nyampe sekarang tpi makin sini makin mahal malah buat beli tiket buss kali,1,2026-06-01 02:36:12,negative,positive
dulu ada aja bug ada jadwal kereta,1,2026-06-01 02:26:46,negative,negative
luvvv kai,5,2026-06-01 02:15:29,positive,positive
mantul,5,2026-06-01 02:05:30,positive,positive
mau pesan railfood lewat apk kemarin gak bikin malas aja,1,2026-06-01 01:06:35,negative,negative
bagus,5,2026-06-01 01:05:32,positive,positive
astaga gabisa batalin pesanan mau order ulang malah nyangkut nunggu habis batas waktu pesanan nyangkut mau lanjut bayar gabisa merepotkan,1,2026-06-01 00:46:18,negative,negative
mantaaaappp,5,2026-06-01 00:14:10,positive,positive
mantap,5,2026-05-31 21:45:29,positive,positive
sangat mudah praktis,5,2026-05-31 21:44:53,positive,positive
terima kasih,4,2026-05-31 20:33:58,positive,positive
aplikasiya sangat membantu sekali trimakasih pt kai sukses selalu,5,2026-05-31 20:15:50,positive,positive
top up saldo kmt saldonya ketahan pending kai mau update saldo malah sistemnya error chat layanan pengaduan ga balesan balesan otomatis menunggu antrian sampe jam sore sampe malam besoknya mengecewakan banget,1,2026-05-31 19:49:48,negative,negative
jadwal kereta kagakk jelass kurang komplitt kurangg semua jadwal kreta airlangga kagak ad,1,2026-05-31 18:56:43,negative,negative
aplikasi nya sih oke cuma pembayaran tiket nya isi saldo nya harus pake kaspro sih ngga collab ama gopay atw dana yg udah jelas mohon donk pt kai ganti tuh kaspro aplikasi kagak,1,2026-05-31 18:07:52,negative,negative
bagus hal pemesanan tiket,5,2026-05-31 17:38:39,positive,positive
plis deh gabisa pesan makanan lewat apk mulu tulisannya pas jalan kereta nya kenytaannya uda jalan ttep gbisa psen mkan lewat apk,1,2026-05-31 16:10:54,negative,negative
sangat dibutuhkan akurat,5,2026-05-31 14:46:06,positive,positive
alhamdulillah,5,2026-05-31 14:31:27,positive,positive
susah banget mau pake daftar member basic terus padahal udh berhasil,2,2026-05-31 13:30:12,negative,negative
akhir aplikasi eror,1,2026-05-31 13:27:07,negative,negative
masukkan kai beli online ubah jadwal pembatalan bisa online sangat disayangkan disaat semua serba digital pembatalan musti jauh datang customer service ke loket untuk semua ka termasuk ka lokal bukan cuma ka jarak jauh semua online beli tiket rombongan bersurat semua prosedur pengajuan bisa via aplikasi mungkin cukup dg scan file surat pengajuan,5,2026-05-31 13:14:16,positive,positive
makin update makin lemot cari rute kereta aja gak ayolah diperbaiki,1,2026-05-31 12:45:55,negative,negative
nyari tiket susah,1,2026-05-31 11:34:56,negative,positive
baik,5,2026-05-31 09:20:15,positive,positive
bobrok bobrok bobrok bobrok bobrok,1,2026-05-31 07:56:09,negative,negative
,5,2026-05-31 07:16:11,positive,positive
server eror penuh,1,2026-05-31 06:41:00,negative,negative
pelayanan petugas prujakan cirebon terlalu arogan telat menit padahal kereta stay bukan bantu malah tahan di cancel dengan santai nya bilang tiket hangus,2,2026-05-31 05:56:11,negative,negative
bagus,4,2026-05-31 05:26:18,positive,positive
bagus aplikasinya,5,2026-05-31 04:27:09,positive,positive
di update tidak fitur pembatalan tiket cs lama respon,1,2026-05-31 04:02:14,negative,negative
gak pesen tiket keterangan sedang offline,5,2026-05-31 03:42:56,positive,positive
proses pembatalan cepat lebih mudah,5,2026-05-31 03:13:01,positive,positive
bagus,5,2026-05-31 02:41:55,positive,positive
apk gk bs dipk,2,2026-05-31 02:08:51,negative,negative
sangat membantu sering error sampek bingung kapan error nya,4,2026-05-31 01:57:47,positive,positive
tiba tiba hilang jadwalnya bahkan h gak sama sekali jadwal,1,2026-05-31 01:15:47,negative,negative
sering eror,1,2026-05-31 01:14:07,negative,negative
jadwal tiket habis terus pakai aplikasi tersedia,5,2026-05-31 00:09:56,positive,negative
praktis banget,5,2026-05-30 23:57:23,positive,positive
mudah,5,2026-05-30 23:39:25,positive,positive
pelayanan memuaskan,5,2026-05-30 23:33:08,positive,positive
gabisa login buat member basic,1,2026-05-30 23:20:32,negative,negative
apalah beberapa kali cari tiket tiba tiba gak sama sekali tiketnya sering banget kayak gitu ayolah makin susah gini trus kadang tiketnya berhasil kepencet pas diklik tulisannya no seat available,2,2026-05-30 22:12:23,negative,negative
kai pokoknya paling mantep sedunia akhirat,5,2026-05-30 22:11:25,positive,positive
refund tiket selalu gagal,1,2026-05-30 21:19:48,negative,negative
mantap,5,2026-05-30 19:18:20,positive,positive
bad banget sumpah udah milih kursi sebelahan udah payment ternyata kursinya ga sebelahan trus tiket tertera kursi saya kursi apk aneh gausa bikin tampilan aneh kalo sistem bener,1,2026-05-30 18:49:39,negative,negative
semenjak update reload makin lama,1,2026-05-30 17:09:53,negative,negative
sering error sendiri aplikasi nya pembayaran checkout tiket lama,1,2026-05-30 16:23:06,negative,negative
pemesanan sangat mudah tks kai,5,2026-05-30 16:15:33,positive,positive
gak buat pesan tiket,1,2026-05-30 15:02:08,negative,negative
mudah sangat membantu calon penumpang,5,2026-05-30 13:34:54,positive,positive
apalah apk nya mau pembatalan aja ga dong admin ingin membatalkan tiket masa ga,1,2026-05-30 13:04:32,negative,negative
ya apk pemerintah buruk semua,1,2026-05-30 12:40:44,negative,negative
gampang sekali bepergian kereta yaa kai acces,5,2026-05-30 12:37:21,positive,positive
aplikasi g d pake payah,5,2026-05-30 12:22:22,positive,negative
aplikasi mudah dipahami gak bertele,5,2026-05-30 11:40:43,positive,positive
aplikasi gajelas daftar akun aja kagak gajelas huuuu ribet bgt sandi segala kagak udah gitu pas keluar malah ga daftar karena udah terdaftar maksudnya apaansih lol,1,2026-05-30 10:12:02,negative,negative
tidak jadwal keberangkatan kota semarang kota bandung,1,2026-05-30 09:52:00,negative,negative
bisa samsung a,1,2026-05-30 09:40:29,negative,negative
,5,2026-05-30 09:15:59,positive,positive
bingung awal dulu pernah pake sekarang nga di buka sama sekali malahan,1,2026-05-30 09:08:43,negative,negative
refund sekarang tidak menggunakan e wallet,1,2026-05-30 09:07:10,negative,negative
naik kereta lokal lebih nyaman aman,5,2026-05-30 09:06:44,positive,positive
oke,5,2026-05-30 08:52:10,positive,positive
parah banget aplikasi nya tgl mei dah top up kaipay sejumlah k tp sama sekali masuk sampe detik ak nulis review udh dikomplenkan via wa tp tetap ada email masuk ditanya berkali jawabannya template cuma disuruh menunggu pihak terkait terus sampe kapaaaaannn bener jelas parah parah balikin duit gw,1,2026-05-30 07:55:34,negative,negative
mantap,5,2026-05-30 07:34:34,positive,positive
sangat membantu,5,2026-05-30 07:10:24,positive,positive
bagus,5,2026-05-30 06:50:17,positive,positive
habis update malah g pilih ganti tempat duduk diperbaiki,1,2026-05-30 06:27:44,negative,negative
mnatap,5,2026-05-30 06:13:23,positive,positive
mantap,5,2026-05-30 06:12:27,positive,positive
jelek bgt sekarang ga jelas banyak calo calo permainan kai,1,2026-05-30 04:52:08,negative,negative
keren,5,2026-05-30 04:18:10,positive,positive
banyak kali bug nya woi gak hapus akun ribet kali lah pokoknya,1,2026-05-30 03:40:54,negative,negative
bener klo bikin aplikasi bego gua kaga mesen babi jadwal kereta tersedia padahal menit yg lalu gajelas bagt,1,2026-05-30 02:41:53,negative,negative
keren,5,2026-05-30 02:34:02,positive,positive
mantap,5,2026-05-30 02:12:08,positive,positive
mantap,5,2026-05-30 01:42:25,positive,positive
kecewa banget sama aplikasi udh semingguan gak cekk tiket mau ngewar malah ngeblank terus gak conneting gitu suka heran udh mah susah dapet tiket sumsel lampung sekalinya mau ngewar aplikasinya malah gak ngedukung diperbaiki donggg,1,2026-05-30 01:42:22,negative,negative
aplikasi sulit banyak masalahnya masa pesan tiket dikasih timer,1,2026-05-30 01:13:52,negative,negative
good,5,2026-05-30 00:24:04,positive,positive
kesel lihat apk ngebugl terus kalau lagi cari tiket,1,2026-05-30 00:00:12,negative,negative
simpel mudah,4,2026-05-29 23:43:32,positive,positive
top up e wallet ada,2,2026-05-29 23:17:54,negative,negative
,5,2026-05-29 23:04:30,positive,positive
buruuukkk sering banget ngewar tiket tiba tiba jadwalnya ga dibuka,1,2026-05-29 22:31:25,negative,negative
jadi tersedia mulu sih tiketnya padahal pas cek apk travel lainnya tersedia aja kok aneh banget nih apk lama,1,2026-05-29 21:28:44,negative,negative
terbaik,5,2026-05-29 19:54:07,positive,positive
mantaffff,5,2026-05-29 15:50:19,positive,positive
,5,2026-05-29 15:44:17,positive,positive
sangat membantu mudah akses,5,2026-05-29 13:59:30,positive,positive
aplikasi bapuk cek saldo kmt aja gk,1,2026-05-29 13:39:22,negative,negative
sering eror,1,2026-05-29 13:14:52,negative,negative
suka versi lama versi baru malah gabisa buat beli tiket antar kota selalu ga jadwal tak coba semua tujuan keberangkatan tetep g jadwal,1,2026-05-29 13:13:32,negative,negative
ke malang naek kereta nya nyaman banget tp yg gak tahan sebentar sebentar bunyi klakson kereta nya,5,2026-05-29 12:57:54,positive,negative
maen,5,2026-05-29 11:57:36,positive,positive
baguss,5,2026-05-29 11:39:31,positive,positive
sangat bagus,5,2026-05-29 11:20:14,positive,positive
bug perbaikin dong masa hari cek semua perjalanan antar kota ga tiket tersedia bahkan rubah berbagai kota tetep ga,1,2026-05-29 11:18:00,negative,negative
apk nya sangat buruk ingin membatalkan pemesanan tiket malah gak sama sekali intinya sangat mengecewakan,1,2026-05-29 11:07:25,negative,negative
mantab,5,2026-05-29 10:29:45,positive,positive
josss,5,2026-05-29 09:46:03,positive,positive
user friendly,5,2026-05-29 08:16:57,positive,positive
,5,2026-05-29 08:13:02,positive,positive
jadwal bnyk yg tdk muncul,1,2026-05-29 07:49:15,negative,negative
minta otp lalu back dulu gmail kembali aplikasi kai langsung force close ulang awal wkwk bumn kerjaan mu ga becus buang anggaran negara aja bikin aplikasi sepele aja ga bener,1,2026-05-29 07:00:39,negative,negative
kalo dibatalin ribettt kode otp not valid muluuu no telpon email benar padahal,1,2026-05-29 06:14:52,negative,negative
bagus,5,2026-05-29 04:30:36,positive,positive
susah bukanya gk dapet tiket,2,2026-05-29 03:59:36,negative,negative
lemot payah,1,2026-05-29 03:17:08,negative,negative
mau masukin otp aja gabisa terus otp yg terbaru tp bacaannya ttp idnum already exist,1,2026-05-29 02:32:45,negative,negative
aplikasi versi dulu udah bagus mudah cepet sekarang malah lemot parah,2,2026-05-29 01:54:10,negative,positive
jan maksa njing kalo apdet,1,2026-05-29 01:08:47,negative,negative
yang katanya resmi wkwkwk,1,2026-05-29 00:44:23,negative,negative
mantap cuy,5,2026-05-29 00:28:14,positive,positive
mantap,5,2026-05-29 00:11:26,positive,positive
bagus bgt cuma ditambahi keterangan kereta new generation kereta yg pakai newgen masyarakat umum membedakannya,5,2026-05-28 23:53:37,positive,positive
,5,2026-05-28 22:41:48,positive,positive
sedang error,5,2026-05-28 22:26:08,positive,negative
appnya sering eror pas mau beli tiket malah tertulis jadwal tersedia,1,2026-05-28 19:51:06,negative,negative
bisa menginstal aplikasinya,1,2026-05-28 17:39:48,negative,negative
server boncos tutor serper game ff,1,2026-05-28 17:34:04,negative,negative
ganti nomor aja susahnya minta ampun gimana cara pesennya hadeh ribet banget,1,2026-05-28 16:41:34,negative,negative
,4,2026-05-28 15:40:11,positive,positive
aplikasi tidak kompatibel perangkat mau update nya gak,1,2026-05-28 15:08:32,negative,negative
pelayanan bagus,5,2026-05-28 14:52:18,positive,positive
medaftar susah,1,2026-05-28 14:49:31,negative,positive
not bad aplikasi bumn,5,2026-05-28 14:20:29,positive,negative
semakin kesini semaki rumitt reload otomattis oesan sendiri dipermudah ubah kursi susah,2,2026-05-28 13:49:58,negative,positive
proses cepat,5,2026-05-28 13:48:59,positive,positive
simpel menarik,5,2026-05-28 13:43:54,positive,positive
lancar jaya kai,5,2026-05-28 13:41:12,positive,positive
perbarui parah jadwal gk muncul,1,2026-05-28 13:26:58,negative,negative
